ページ,店舗/施設名称,緯度,経度,業種１,業種２,業種３,丁目
1,関東補聴器,36.3729539 ,140.4770094 ,ショップ,補聴器,,三の丸１丁目１
1,水戸駿優予備校,36.3728028 ,140.4769718 ,学習・訓練,塾,,三の丸１丁目１
1,SONY・家電 カメラのスナオシ,36.3726969 ,140.4754564 ,ショップ,電気店,,三の丸１丁目１
1,カメラのスナオシ,36.3726581 ,140.4755234 ,ショップ,カメラ屋,,三の丸１丁目１
1,水戸地方法務局,36.3726084 ,140.4766902 ,公共サービス,法務局,,三の丸１丁目１
1,スロットコインドゥー,36.3725803 ,140.4755610 ,娯楽,スロット,,三の丸１丁目１
1,水戸アンテナショップ 納豆カレー,36.3725803 ,140.4755958 ,外食,食堂,,三の丸１丁目１
1,松屋,36.3725782 ,140.4756468 ,外食,定食,,三の丸１丁目１
1,赤ひげ 居酒屋,36.3724896 ,140.4759150 ,外食,居酒屋,,三の丸１丁目１
1,優駿教育会館,36.3724800 ,140.4766400 ,学習・訓練,塾,,三の丸１丁目１
1,水戸駿優・本部,36.3724800 ,140.4766400 ,学習・訓練,塾,,三の丸１丁目１
1,インターネットカフェ COMIC BUSTER,36.3724162 ,140.4759579 ,娯楽,インターネットカフェ,,三の丸１丁目１
1,オゼ,36.3723665 ,140.4759204 ,外食,居酒屋,,三の丸１丁目１
1,共和堂整骨院,36.3721916 ,140.4763227 ,健康,整骨院,,三の丸１丁目１
1,代ゼミ水戸駅前校,36.3721765 ,140.4764005 ,学習・訓練,塾,,三の丸１丁目１
1,三菱ＵＦＪ信託銀行,36.3721549 ,140.4764944 ,金融,銀行,,三の丸１丁目１
1,SoftBank,36.3721333 ,140.4763844 ,ショップ,携帯電話,,三の丸１丁目１
1,徳川斉昭公像,36.3751898 ,140.4781166 ,歴史遺物,銅像,,三の丸１丁目２
1,三の丸歯科医院,36.3743210 ,140.4778301 ,医療,歯科,,三の丸１丁目２
1,山田病院,36.3742843 ,140.4775002 ,医療,病院,,三の丸１丁目２
1,目の美容室 心美,36.3742821 ,140.4778033 ,美容,エステ,,三の丸１丁目２
1,藤本化学,36.3742087 ,140.4777470 ,会社,研究用機器販売,,三の丸１丁目３
1,武藤法律事務所,36.3739819 ,140.4772159 ,サービス,法律事務所,,三の丸１丁目３
1,武石税理事務所,36.3737558 ,140.4774407 ,サービス,法律事務所,,三の丸１丁目３
1,田部井司法書士,36.3737277 ,140.4774300 ,サービス,法律事務所,,三の丸１丁目３
1,大同信号,36.3736715 ,140.4774005 ,会社,,,三の丸１丁目３
1,東京ボンボン,36.3736305 ,140.4773656 ,宿泊,ウィークリーマンション,,三の丸１丁目３
1,河原歯科医院,36.3734901 ,140.4761801 ,医療,歯科医院,,三の丸１丁目３
1,日本ボイラー協会,36.3734664 ,140.4761559 ,会社,,,三の丸１丁目３
1,茨城県木材協同組合連合会,36.3732785 ,140.4767326 ,公的機関,,,三の丸１丁目３
1,茨城県緑化推進機構,36.3732461 ,140.4767138 ,公的機関,,,三の丸１丁目３
1,茨城旅館衛生同業組合,36.3732115 ,140.4766950 ,公的機関,,,三の丸１丁目３
1,茨城県林業協会,36.3731856 ,140.4766736 ,公的機関,,,三の丸１丁目３
2,水戸中央郵便局,36.3745900 ,140.4739000 ,公共サービス,郵便局,,三の丸１丁目４
2,東日本旅客鉄道　日本貨物鉄道　水戸営業所,36.3743093 ,140.4744482 ,会社,貨物,,三の丸１丁目４
2,JR東日本水戸支社,36.3743000 ,140.4744600 ,会社,鉄道,,三の丸１丁目４
2,水戸平和記念館,36.3741592 ,140.4739882 ,歴史遺物,記念館,,三の丸１丁目４
2,タイクーン,36.3740825 ,140.4740566 ,ショップ,アロマ・お香 雑貨・小物・骨董品,,三の丸１丁目４
2,水戸隆盛堂,36.3740426 ,140.4740955 ,医療,漢方薬 薬局,,三の丸１丁目４
2,S&F JAZZ,36.3739270 ,140.4742068 ,外食,カジュアルバー,,三の丸１丁目４
2,たい夢,36.3738892 ,140.4742350 ,スイーツ,たい焼き 和菓子店,,三の丸１丁目４
2,とらや書店,36.3738124 ,140.4742994 ,書籍,古書,,三の丸１丁目４
2,SKB・ジェイコ,36.3737327 ,140.4743731 ,衣料,婦人服委託販売 リサイクルショップ,,三の丸１丁目４
2,柴沼理美容器具,36.3736873 ,140.4744080 ,ショップ,理美容機械器具・用品,,三の丸１丁目４
2,アロマショップ ナチュラリスト,36.3736506 ,140.4744442 ,健康,アロマショップ,,三の丸１丁目４
2,クリーニング ニチリキ,36.3735945 ,140.4744831 ,サービス,クリーニング,,三の丸１丁目４
2,サロンド・maile美容室,36.3735783 ,140.4745032 ,美容,美容室,,三の丸１丁目４
2,賃貸マイルーム館,36.3735254 ,140.4745448 ,住宅,不動産,,三の丸１丁目４
2,Vieea,36.3734865 ,140.4745810 ,美容,ネイル,,三の丸１丁目４
2,水戸京成ホテル,36.3734774 ,140.4756392 ,宿泊,ビジネスホテル,,三の丸１丁目４
2,あるじゃんすー,36.3734703 ,140.4745944 ,美容,エクステ,,三の丸１丁目４
2,大洋道書道用具,36.3734390 ,140.4746373 ,文具,書道用具,,三の丸１丁目４
2,東京ノーストクリニック水戸院,36.3734346 ,140.4746172 ,医療,形成外科・皮膚科・泌尿器科,,三の丸１丁目４
2,アサヒビール茨城支店,36.3734066 ,140.4752958 ,会社,飲料,,三の丸１丁目４
2,いちょう坂クリニック,36.3733699 ,140.4752770 ,医療,病院,内科　消化器内科　糖尿病・内分泌内科　循環器内科　呼吸器内科　アレルギー疾患内科,三の丸１丁目４
2,ソラティオ ワインバー,36.3733383 ,140.4747378 ,外食,ワインバー,,三の丸１丁目４
2,HARLEM WEARS,36.3733375 ,140.4747030 ,外食,ワインバー,,三の丸１丁目４
2,東京新聞 中日新聞,36.3733353 ,140.4752609 ,会社,新聞,,三の丸１丁目４
2,リフレ・KUMIKO,36.3733092 ,140.4747191 ,健康,リフレクソロジー,,三の丸１丁目４
2,バザール水戸,36.3732843 ,140.4747647 ,ショップ,ディスカウント,,三の丸１丁目４
2,日立製作所,36.3732748 ,140.4752341 ,会社,電気機器,,三の丸１丁目４
2,Adecco,36.3732511 ,140.4752153 ,会社,派遣,,三の丸１丁目４
2,スタッフサービス,36.3732122 ,140.4752099 ,会社,派遣,,三の丸１丁目４
2,きよみ,36.3731925 ,140.4748411 ,外食,パブ喫茶,,三の丸１丁目４
2,中井川 曻 法律事務所,36.3731820 ,140.4751912 ,サービス,法律事務所,,三の丸１丁目４
2,Copa Mumdial,36.3731407 ,140.4749122 ,ショップ,サッカー用品店,,三の丸１丁目４
2,角助,36.3731191 ,140.4748773 ,外食,居酒屋,,三の丸１丁目４
2,運平堂本店,36.3731025 ,140.4749217 ,スイーツ,和菓子,,三の丸１丁目４
2,シャルル ブティック,36.3730532 ,140.4749524 ,衣料,婦人服店,,三の丸１丁目４
2,ナイトウ理容,36.3730468 ,140.4749900 ,美容,理容店,,三の丸１丁目４
2,Ts&Co美容,36.3730317 ,140.4752662 ,美容,美容室,,三の丸１丁目４
2,PRO カフェ,36.3730057 ,140.4750409 ,外食,喫茶店,,三の丸１丁目４
2,婦人服 ル・ロア,36.3729820 ,140.4752689 ,衣料,婦人服店,,三の丸１丁目４
2,美容室パリ,36.3729582 ,140.4750973 ,美容,美容室,,三の丸１丁目４
2,諸岡歯科医院,36.3729582 ,140.4751321 ,医療,歯科,,三の丸１丁目４
2,石倉美容外科,36.3729366 ,140.4750651 ,医療,美容外科,,三の丸１丁目４
2,日興コーディアル証券,36.3728945 ,140.4751764 ,金融,証券,,三の丸１丁目４
2,低区配水塔,36.3780148 ,140.4755232 ,歴史遺物,国指定登録有形文化財,,三の丸１丁目５
2,水戸市役所臨時庁舎,36.3775592 ,140.4751507 ,公共サービス,,,三の丸１丁目５
2,社団法人 茨城県観光物産協会,36.3766478 ,140.4758558 ,公的機関,,,三の丸１丁目５
2,茨城県水戸生涯学習センター,36.3766046 ,140.4758183 ,公的機関,,,三の丸１丁目５
2,水戸観光協会,36.3765917 ,140.4761187 ,公的機関,,,三の丸１丁目５
2,茨城県地域女性団体連絡会,36.3765506 ,140.4757807 ,公的機関,,,三の丸１丁目５
2,茨城県管財課分室,36.3765377 ,140.4760704 ,公的機関,,,三の丸１丁目５
2,茨城県管財課守衛室,36.3764967 ,140.4760489 ,公的機関,,,三の丸１丁目５
2,財団法人 茨城県衛生営業指導センター,36.3764686 ,140.4757324 ,公的機関,,,三の丸１丁目５
2,茨城県国際課旅券室,36.3764513 ,140.4760060 ,公的機関,,,三の丸１丁目５
2,茨城出会いサポートセンター,36.3764124 ,140.4757083 ,公的機関,,,三の丸１丁目５
2,茨城県高度情報化推進協議会,36.3763800 ,140.4759685 ,公的機関,,,三の丸１丁目５
2,茨城県三の丸庁舎（旧茨城県庁）,36.3763700 ,140.4758100 ,公共サービス,庁舎,,三の丸１丁目５
2,NHK文化センター水戸支社,36.3763628 ,140.4756681 ,公的機関,,,三の丸１丁目５
2,財団法人 いばらき社会起業家協議会,36.3763347 ,140.4759336 ,公的機関,,,三の丸１丁目５
2,茨城県福祉相談センター,36.3763304 ,140.4756493 ,公的機関,,,三の丸１丁目５
2,財団法人 茨城県暴力追放推進センター,36.3763066 ,140.4758987 ,公的機関,,,三の丸１丁目５
2,茨城県民運動推進室,36.3762807 ,140.4756198 ,公的機関,,,三の丸１丁目５
2,交流サルーンいばらき,36.3762397 ,140.4756010 ,公的機関,,,三の丸１丁目５
2,大好きいばらき県民会議,36.3762051 ,140.4755742 ,公的機関,,,三の丸１丁目５
2,水戸市パスポートセンター,36.3761598 ,140.4755366 ,公的機関,,,三の丸１丁目５
2,茨城県立図書館（旧茨城県議会議事堂）,36.3753400 ,140.4751800 ,公共サービス,図書館,,三の丸１丁目５
3,水戸警察署,36.3753367 ,140.4739064 ,公共サービス,警察署,,三の丸１丁目５
2,水戸警察署,36.3752900 ,140.4740200 ,公共サービス,,,三の丸１丁目５
2,常陽芸分センター,36.3750538 ,140.4737777 ,文化・芸術,,,三の丸１丁目５
2,常陽郷土資料館,36.3750200 ,140.4739100 ,文化・芸術,,,三の丸１丁目５
2,常陽産業研究所,36.3750176 ,140.4739064 ,公的機関,,,三の丸１丁目５
2,毎日新聞水戸支局,36.3749334 ,140.4741585 ,会社,,,三の丸１丁目５
3,ゆうちょ銀行水戸店,36.3747005 ,140.4736931 ,金融,銀行,,三の丸１丁目５
3,水戸中央郵便局,36.3747005 ,140.4737306 ,公共サービス,郵便局,,三の丸１丁目５
2,弘道館公園,36.3758000 ,140.4770600 ,娯楽,公園,,三の丸１丁目６
2,弘道館,36.3754100 ,140.4772800 ,歴史遺物,史跡,,三の丸１丁目６
2,鹿島神社,36.3752635 ,140.4765353 ,宗教,神社,,三の丸１丁目６
2,水戸市三の丸市民センター,36.3746700 ,140.4753900 ,公共サービス,市民センター,,三の丸１丁目６
2,市立三の丸小学校,36.3746200 ,140.4762600 ,学校,小学校,,三の丸１丁目６
2,本間玄調の像,36.3742151 ,140.4758505 ,歴史遺物,銅像,,三の丸１丁目６
1,Ks Lively forest,36.3720210 ,140.4781372 ,ショップ,雑貨,,三の丸２丁目１
1,康済ダイニング,36.3719702 ,140.4771086 ,外食,レストラン,,三の丸２丁目１
1,葵スナック,36.3719605 ,140.4778194 ,外食,スナック,,三の丸２丁目１
1,馬酔木 カフェバー,36.3719497 ,140.4771810 ,喫茶,カフェバー,,三の丸２丁目１
1,三の丸ホテル,36.3719400 ,140.4773200 ,宿泊,ビジネスホテル,,三の丸２丁目１
1,ビジネスホテルかもした,36.3719183 ,140.4778565 ,宿泊,ホテル,,三の丸２丁目１
1,水戸黄門神社,36.3719989 ,140.4786609 ,宗教,神社,,三の丸２丁目２
1,水戸黄門誕生の地,36.3719989 ,140.4786609 ,歴史遺物,史跡,,三の丸２丁目２
1,ホテル 香取屋,36.3715793 ,140.4790250 ,宿泊,ホテル,,三の丸２丁目２
1,徳川光圀公像,36.3715778 ,140.4785858 ,歴史遺物,銅像,,三の丸２丁目２
1,水戸城三階物見櫓ブロンズ,36.3715746 ,140.4786127 ,歴史遺物,,,三の丸２丁目２
1,レンタカーサービス,36.3715318 ,140.4791216 ,交通,レンタカー,,三の丸２丁目２
1,水戸駿優２メディア学習館,36.3730172 ,140.4773348 ,学習・訓練,塾,,三の丸２丁目５
1,エルミタージュ占い,36.3727969 ,140.4772382 ,娯楽,占い,,三の丸２丁目５
1,シンテイ警備,36.3727494 ,140.4772114 ,会社,警備,,三の丸２丁目５
1,日設,36.3727418 ,140.4772369 ,会社,建設設備,,三の丸２丁目５
1,ニッポンレンタカー,36.3727030 ,140.4772020 ,交通,レンタカー,,三の丸２丁目５
1,イソダ美容室,36.3722894 ,140.4771604 ,美容,美容室,,三の丸２丁目５
1,珍満 中華,36.3721911 ,140.4771215 ,外食,レストラン,中華料理,三の丸２丁目５
1,CUT BANK CORE,36.3721425 ,140.4783191 ,美容,美容院,,三の丸２丁目５
1,満寿屋 鰻,36.3721220 ,140.4770866 ,外食,レストラン,鰻,三の丸２丁目５
1,水戸二中,36.3751300 ,140.4803400 ,公的教育,中学校,,三の丸２丁目６
1,大日本史編纂の地碑,36.3749932 ,140.4796401 ,歴史遺物,碑,,三の丸２丁目６
1,徳川頼房公像,36.3749155 ,140.4786772 ,歴史遺物,像,,三の丸２丁目６
1,二の丸展示館,36.3749058 ,140.4800076 ,美術・文化,展示館,,三の丸２丁目６
1,安積澹泊像,36.3747708 ,140.4800827 ,歴史遺物,像,,三の丸２丁目６
1,茨大教育学部附属小学校,36.3737500 ,140.4790300 ,学校,小学校,,三の丸２丁目６
1,水戸三高,36.3732400 ,140.4806100 ,学校,高校,,三の丸２丁目６
1,水戸一高,36.3714200 ,140.4838800 ,学校,高校,,三の丸２丁目６
1,歌うんだ村,36.3717888 ,140.4752433 ,娯楽,カラオケ,,宮町１丁目３
1,バス案内 関鉄・茨交,36.3717871 ,140.4752973 ,ショップ,バス乗車券,,宮町１丁目３
1,居酒屋 庄や,36.3717853 ,140.4751716 ,外食,居酒屋,,宮町１丁目３
1,居酒屋 魚民,36.3717836 ,140.4751059 ,外食,居酒屋,,宮町１丁目３
1,早稲田予備校,36.3717241 ,140.4752389 ,学習・訓練,予備校,,宮町１丁目３
1,アデイレ法律事務所,36.3717241 ,140.4752976 ,サービス,法律事務所,,宮町１丁目３
1,水戸献血ルーム,36.3717206 ,140.4751042 ,医療,献血,,宮町１丁目３
1,草野眼科 アイシティ,36.3717206 ,140.4751694 ,医療,眼科,,宮町１丁目３
1,水戸メンタルクリニック,36.3717189 ,140.4750347 ,医療,クリニック,,宮町１丁目３
1,水戸中央美容整形クリニック,36.3717136 ,140.4749695 ,医療,クリニック,,宮町１丁目３
1,炭火焼 たわみん家,36.3716664 ,140.4751694 ,外食,レストラン,焼き肉,宮町１丁目３
1,あじ平 ラーメン,36.3715159 ,140.4744242 ,外食,レストラン,ラーメン,宮町１丁目３
1,焼肉 こり家,36.3715159 ,140.4744872 ,外食,レストラン,焼き肉,宮町１丁目３
1,中村ビル,36.3715159 ,140.4749695 ,ビル,,,宮町１丁目３
1,水戸理容,36.3714984 ,140.4743634 ,美容,理容店,,宮町１丁目３
1,沼田屋 うなぎ,36.3714914 ,140.4743004 ,外食,レストラン,うなぎ,宮町１丁目３
1,札幌屋 ラーメン,36.3714775 ,140.4742417 ,外食,レストラン,ラーメン,宮町１丁目３
1,川枡 蒲焼き,36.3714652 ,140.4741678 ,外食,レストラン,うなぎ,宮町１丁目３
1,柚乃 酒彩,36.3714635 ,140.4745741 ,外食,居酒屋,,宮町１丁目３
1,割烹 なかむら,36.3714547 ,140.4746002 ,外食,居酒屋,割烹,宮町１丁目３
1,小料理 ひょうたん,36.3714477 ,140.4741135 ,外食,居酒屋,,宮町１丁目３
1,水戸チケット,36.3714425 ,140.4743807 ,ショップ,チケット,,宮町１丁目３
1,水戸ノースフロント,36.3713112 ,140.4749695 ,ビル,,,宮町１丁目３
1,ローソン,36.3713112 ,140.4751321 ,ショップ,コンビニ,,宮町１丁目３
1,カフェラウンジ ロゼ,36.3712588 ,140.4743851 ,喫茶,カフェ,,宮町１丁目３
1,ホテルメッツ水戸,36.3712352 ,140.4743039 ,宿泊,ビジネスホテル,,宮町１丁目３
1,茨城県警鉄道警察隊,36.3710943 ,140.4750390 ,公共サービス,警察,,宮町１丁目３
1,docomo水戸,36.3710856 ,140.4735313 ,ショップ,携帯電話,,宮町１丁目３
1,JRレンタカー,36.3710541 ,140.4746241 ,交通,レンタカー,,宮町１丁目３
1,CLOUCHERネール,36.3722501 ,140.4751256 ,美容,ネイルサロン,,宮町２丁目１
1,印 千福,36.3722421 ,140.4751069 ,文具,印店,,宮町２丁目１
1,サテライト水戸ST,36.3722318 ,140.4750881 ,娯楽,場外車券場,,宮町２丁目１
1,そば 二の丸,36.3722135 ,140.4751543 ,外食,そば,,宮町２丁目１
1,FMS医歯薬受験,36.3721817 ,140.4751819 ,学習・訓練,予備校,,宮町２丁目１
1,環翠 酒処,36.3721738 ,140.4749904 ,外食,居酒屋,,宮町２丁目１
1,リサイクルマート,36.3720978 ,140.4752422 ,ショップ,リサイクル,,宮町２丁目１
1,細谷ビル,36.3720573 ,140.4751415 ,ビル,,,宮町２丁目１
1,アップルチケット・金券,36.3720573 ,140.4752442 ,ショップ,金券ショップ,,宮町２丁目１
1,うどん くらや,36.3720476 ,140.4752201 ,外食,レストラン,うどん,宮町２丁目１
1,ＭＩＣ・資生堂化粧品専門店,36.3720411 ,140.4751798 ,美容,化粧品,,宮町２丁目１
1,錦屋,36.3720265 ,140.4751415 ,宿泊,宿泊,,宮町２丁目１
1,キャッシング エイワ,36.3720168 ,140.4750973 ,金融,消費者金融,,宮町２丁目１
1,新星タクシー,36.3719082 ,140.4747671 ,交通,タクシー,,宮町２丁目１
1,つかだ眼科医院,36.3718985 ,140.4745014 ,医療,眼科,,宮町２丁目１
1,ろばた焼 満月城,36.3718968 ,140.4747007 ,外食,居酒屋,ろばた焼,宮町２丁目１
1,旅館・食堂 天定,36.3718790 ,140.4746383 ,宿泊,ホテル,,宮町２丁目１
1,茨進学習塾 総本部,36.3718061 ,140.4743886 ,学習・訓練,学習塾,,宮町２丁目１
1,ソイノ時計店,36.3723912 ,140.4749624 ,服飾,時計,,宮町２丁目２
2,ローソン,36.3723881 ,140.4749102 ,ショップ,コンビニ,,宮町２丁目２
2,FREE STYLE 美容室,36.3723881 ,140.4749102 ,美容,美容院,,宮町２丁目２
2,中央進学会学院 明秀学園日立,36.3723708 ,140.4748592 ,学習・訓練,塾,,宮町２丁目２
1,ｇｏｏｄｓ オーハシ,36.3723304 ,140.4750133 ,ショップ,洋品店,,宮町２丁目２
1,まちの駅 北口駅前の駅,36.3723086 ,140.4749845 ,サービス,まちの駅,,宮町２丁目２
2,チャンポン長崎亭,36.3722153 ,140.4746446 ,外食,ラーメン,,宮町２丁目２
2,夢花,36.3720965 ,140.4745615 ,美容,メンズエステ,,宮町２丁目２
2,茨進グループ駅前スクール２号館,36.3719702 ,140.4743134 ,学習・訓練,塾,,宮町２丁目２
2,古着屋カラス,36.3719151 ,140.4741752 ,衣料,古着,,宮町２丁目２
2,大洗パークホテル,36.3718989 ,140.4741739 ,会社,事務所,,宮町２丁目２
2,ＩＳＫ進学,36.3718860 ,140.4741766 ,学習・訓練,塾,,宮町２丁目２
2,ASA朝日新聞水戸中央店,36.3718741 ,140.4741283 ,サービス,新聞販売店,,宮町２丁目２
2,巻き爪カモミール,36.3718255 ,140.4741672 ,美容,フットケアサロン,,宮町２丁目２
2,くーかい　HAIR,36.3717931 ,140.4741712 ,美容,美容院,,宮町２丁目２
2,ハクビ,36.3717823 ,140.4740545 ,学習・訓練,きもの学院,,宮町２丁目２
2,河合塾マナビス,36.3717726 ,140.4740277 ,学習・訓練,塾,,宮町２丁目２
2,OLD GARAGE,36.3717564 ,140.4741779 ,衣料,服,,宮町２丁目２
2,エム・テック水戸,36.3717531 ,140.4739989 ,会社,事務所,,宮町２丁目２
2,居酒屋 白木屋,36.3717283 ,140.4739439 ,外食,居酒屋,,宮町２丁目２
2,糸久たばこ店,36.3729442 ,140.4745523 ,ショップ,タバコ店,,宮町２丁目３
2,サトウ刃物店,36.3729236 ,140.4745724 ,ショップ,刃物店,,宮町２丁目３
2,占いの館 アトランティスの奇跡,36.3729042 ,140.4744745 ,娯楽,占い,,宮町２丁目３
2,久米注文服店,36.3728926 ,140.4746008 ,衣料,洋服,,宮町２丁目３
2,人材教育アカデミー,36.3728753 ,140.4745163 ,,,,宮町２丁目３
2,駅前留学NOVA,36.3728537 ,140.4746183 ,学習・訓練,英会話,,宮町２丁目３
2,水戸アカデミー本部校,36.3728397 ,140.4745794 ,学習・訓練,塾,,宮町２丁目３
2,ババクール,36.3727919 ,140.4744257 ,衣料,カジュアル,,宮町２丁目３
2,リーガルシューズ,36.3727822 ,140.4746689 ,ショップ,靴,,宮町２丁目３
2,平本税理事務所,36.3727681 ,140.4744109 ,会社,事務所,,宮町２丁目３
2,個別教室のトライ,36.3727573 ,140.4746180 ,学習・訓練,塾,,宮町２丁目３
2,グリル梅善,36.3727539 ,140.4743997 ,外食,レストラン,,宮町２丁目３
2,Boss,36.3727312 ,140.4743836 ,スイーツ,パンケーキ,,宮町２丁目３
2,HonkeyTonk,36.3727306 ,140.4745177 ,衣料,洋品,,宮町２丁目３
2,リキッド,36.3727123 ,140.4744855 ,衣料,洋品,,宮町２丁目３
2,スターバックス,36.3727028 ,140.4747333 ,喫茶,カフェ,,宮町２丁目３
2,いいじま矯正歯科,36.3726880 ,140.4746934 ,医療,歯医者,,宮町２丁目３
2,わいわい酒場 地下のしまだ,36.3726764 ,140.4747501 ,外食,居酒屋,,宮町２丁目３
2,アロママッサージ ぷりん,36.3726655 ,140.4743318 ,健康,マッサージ,,宮町２丁目３
2,MINERVA,36.3726653 ,140.4747135 ,喫茶,カフェ,,宮町２丁目３
2,水戸シルバーインホテル,36.3726400 ,140.4746400 ,宿泊,ビジネスホテル,,宮町２丁目３
2,呑み食い処 ハイ・カラー,36.3726331 ,140.4743023 ,外食,居酒屋,,宮町２丁目３
2,JTBツーリスト,36.3726318 ,140.4748369 ,旅行,旅行代理店,,宮町２丁目３
2,2-3-1 Barrel,36.3726105 ,140.4742782 ,美容,美容室,,宮町２丁目３
2,東進衛星予備校,36.3726081 ,140.4747604 ,学習・訓練,塾,,宮町２丁目３
2,docomo水戸駅前店,36.3725984 ,140.4748489 ,ショップ,携帯電話,,宮町２丁目３
2,Bar Konnai,36.3725781 ,140.4742540 ,外食,バー,,宮町２丁目３
2,水戸公衆放送,36.3725703 ,140.4747953 ,会社,事務所,,宮町２丁目３
2,大内商店,36.3725489 ,140.4742285 ,衣料,洋品,,宮町２丁目３
2,東進育英社イーオン,36.3725012 ,140.4746840 ,学習・訓練,英会話,,宮町２丁目３
2,魚姫,36.3724814 ,140.4741836 ,外食,居酒屋,,宮町２丁目３
2,ぐるり酒場 ぐるる,36.3724669 ,140.4741736 ,外食,居酒屋,,宮町２丁目３
2,味のかわらい,36.3724372 ,140.4741548 ,外食,和食,,宮町２丁目３
2,T's,36.3724200 ,140.4740900 ,外食,バー,,宮町２丁目３
2,藪清,36.3723988 ,140.4741125 ,外食,生そば,,宮町２丁目３
2,田村洋裁研究所,36.3723740 ,140.4740857 ,学習・訓練,洋裁教室,,宮町２丁目３
2,おふくろの味 コアラ,36.3723594 ,140.4740757 ,外食,居酒屋,,宮町２丁目３
2,クラブ宮下,36.3723227 ,140.4740421 ,外食,クラブ,,宮町２丁目３
2,Bar Sakigake,36.3722892 ,140.4740086 ,外食,バー,,宮町２丁目３
2,水戸信用金庫駅前支店,36.3722798 ,140.4742736 ,金融,銀行,,宮町２丁目３
2,居酒屋 寛助,36.3722207 ,140.4739415 ,外食,居酒屋,,宮町２丁目３
2,OWLS,36.3721532 ,140.4738564 ,外食,アジアンレストラン,,宮町２丁目３
2,マン・タラーク,36.3721375 ,140.4738819 ,外食,バー,,宮町２丁目３
2,Hebimaru,36.3721362 ,140.4738592 ,外食,スナック,,宮町２丁目３
2,JR東日本リテールネット,36.3720916 ,140.4738155 ,会社,事務所,,宮町２丁目３
2,ブルーロズ,36.3720692 ,140.4740242 ,外食,スナック,,宮町２丁目３
2,つけ麺 坊主,36.3720552 ,140.4739973 ,外食,ラーメン,,宮町２丁目３
2,もつ焼き たかね,36.3720355 ,140.4737538 ,外食,もつ焼き,,宮町２丁目３
2,食菜酒房 さい菜,36.3719194 ,140.4735788 ,外食,居酒屋,,宮町２丁目３
2,ヴォーグ,36.3717658 ,140.4733737 ,美容,美容室,,宮町２丁目３
2,吉水,36.3717356 ,140.4732289 ,外食,日本料理,,宮町２丁目３
2,武蔵 商会,36.3717107 ,140.4734073 ,住宅,不動産,,宮町２丁目３
2,オリックスレンタカー,36.3715639 ,140.4733067 ,交通,レンタカー,,宮町２丁目３
2,スピーク英仏会話,36.3739528 ,140.4736343 ,学習・訓練,語学教室,,宮町２丁目４
2,家庭教師のジャンプ,36.3739280 ,140.4735974 ,学習・訓練,家庭教師派遣,,宮町２丁目４
2,茶舗 牧ノ原,36.3739044 ,140.4736590 ,喫茶,喫茶,,宮町２丁目４
2,GINGER,36.3737891 ,140.4737052 ,外食,カフェダイニング,,宮町２丁目４
2,和亭 美奈,36.3737742 ,140.4737576 ,外食,レストラン,,宮町２丁目４
2,OUTLAW,36.3737543 ,140.4738053 ,医療,洋服,,宮町２丁目４
2,みまつホテル,36.3737122 ,140.4736390 ,宿泊,ホテル,,宮町２丁目４
2,マイルーム館,36.3734554 ,140.4740102 ,住宅,不動産,,宮町２丁目４
2,スナック ワン,36.3733488 ,140.4731907 ,外食,スナック,,宮町２丁目４
2,ウィルフリー,36.3733359 ,140.4732242 ,外食,バー,,宮町２丁目４
2,WOUPING,36.3733251 ,140.4732537 ,外食,バー,,宮町２丁目４
2,福島銀行,36.3732954 ,140.4742490 ,金融,銀行,,宮町２丁目４
2,大和田法律事務所,36.3732371 ,140.4741951 ,会社,事務所,,宮町２丁目４
2,ART21,36.3732257 ,140.4743078 ,文化・芸術,ギャラリー,,宮町２丁目４
2,ECCジュニア,36.3731966 ,140.4742622 ,学習・訓練,教室,,宮町２丁目４
2,近畿日本ツーリスト,36.3731912 ,140.4742957 ,旅行,旅行代理店,,宮町２丁目４
2,ピタットハウス,36.3731771 ,140.4743454 ,住宅,不動産,,宮町２丁目４
2,プラージュ理・美容,36.3731415 ,140.4743708 ,美容,美容室,,宮町２丁目４
2,花村,36.3731234 ,140.4741763 ,外食,レストラン,,宮町２丁目４
2,PINOT,36.3730875 ,140.4743655 ,外食,バー,,宮町２丁目４
2,BACK PACKER,36.3730864 ,140.4744231 ,外食,多国籍料理,,宮町２丁目４
2,市毛弓具店,36.3732106 ,140.4730297 ,ショップ,弓具店,,宮町２丁目５
2,JERK COMAGIN,36.3731620 ,140.4732175 ,外食,バー,,宮町２丁目５
2,紀州さくら,36.3730292 ,140.4736252 ,外食,居酒屋,,宮町２丁目５
2,田口屋,36.3730239 ,140.4735423 ,外食,居酒屋,,宮町２丁目５
2,うっとら,36.3730011 ,140.4738170 ,外食,居酒屋,,宮町２丁目５
2,かにや,36.3729979 ,140.4738666 ,外食,居酒屋,,宮町２丁目５
2,三平,36.3729785 ,140.4739511 ,外食,居酒屋,,宮町２丁目５
2,田兵衛,36.3729558 ,140.4740289 ,外食,居酒屋,,宮町２丁目５
2,水戸東照宮,36.3726200 ,140.4733600 ,宗教,神社,,宮町２丁目５
2,BIG BOO,36.3724661 ,140.4739799 ,服飾,アクセサリー,,宮町２丁目５
2,立ち呑み焼肉 ボンバー,36.3724661 ,140.4739799 ,外食,居酒屋,,宮町２丁目５
2,BAR UNBALANCE,36.3724326 ,140.4739692 ,外食,バー,,宮町２丁目５
2,吾妻寿し,36.3723419 ,140.4738659 ,外食,寿司,,宮町２丁目５
2,夜の虫,36.3723095 ,140.4738297 ,外食,スナック,,宮町２丁目５
2,阿路陛,36.3722725 ,140.4737887 ,外食,居酒屋,,宮町２丁目５
2,中国菜館 台北楼,36.3722482 ,140.4737545 ,外食,中華料理,,宮町２丁目５
2,鳥ランド,36.3722080 ,140.4737157 ,外食,居酒屋,,宮町２丁目５
2,スナック オリーブ,36.3721656 ,140.4736619 ,外食,スナック,,宮町２丁目５
2,ラッシュラボ アカデミー,36.3721289 ,140.4736049 ,美容,まつ毛・ネイル,,宮町２丁目５
2,楽天,36.3720857 ,140.4735325 ,外食,とんかつ,,宮町２丁目５
2,食菜房いなせ,36.3720849 ,140.4734542 ,外食,居酒屋,,宮町２丁目５
2,このみ屋,36.3720506 ,140.4734789 ,外食,お好み焼き,,宮町２丁目５
3,SANGO,36.3731807 ,140.4726015 ,美容,美容室,,宮町２丁目６
3,英語教育研究所,36.3730188 ,140.4725465 ,会社,会社,,宮町２丁目６
3,レイ美容室,36.3743977 ,140.4729166 ,美容,美容室,,宮町２丁目１１
3,福徳食堂,36.3743556 ,140.4731044 ,外食,食堂,,宮町２丁目１１
2,てけ×２,36.3741801 ,140.4732736 ,外食,串カツ,,宮町２丁目１１
2,auショップ,36.3741456 ,140.4733839 ,ショップ,携帯電話,,宮町２丁目１１
2,マージャン 愛天使,36.3737741 ,140.4732725 ,娯楽,麻雀,,宮町２丁目１１
2,キャンパス・ワン,36.3735463 ,140.4731559 ,外食,バー,,宮町２丁目１１
3,山下質屋,36.3742379 ,140.4728321 ,金融,質屋,,宮町２丁目１２
3,お食事処 魚末,36.3734831 ,140.4729609 ,外食,レストラン,,宮町２丁目１２
3,kokous,36.3739885 ,140.4717951 ,ショップ,雑貨,,宮町３丁目２
3,焼鳥　長兵衛,36.3739334 ,140.4719144 ,外食,焼鳥,,宮町３丁目２
3,菅谷秀夫 法律事務所,36.3738135 ,140.4711061 ,会社,事務所,,宮町３丁目２
3,SOUL IN MOTION,36.3737854 ,140.4710806 ,娯楽,ソウル＆バー,,宮町３丁目２
3,ぢどりや桐,36.3737196 ,140.4712000 ,外食,レストラン,,宮町３丁目２
3,元気家元とん,36.3737041 ,140.4713131 ,外食,しゃぶしゃぶ,,宮町３丁目２
3,みまつアネックス,36.3736825 ,140.4712460 ,宿泊,ホテル,,宮町３丁目２
3,ティン・パン・アレイ,36.3736415 ,140.4713104 ,外食,ティ＆パン,,宮町３丁目２
3,水戸協同病院,36.3730477 ,140.4708276 ,医療,病院,,宮町３丁目２
3,藤野総合研究所,36.3744009 ,140.4722782 ,会社,会社,,南町１丁目１
3,望月法律事務所,36.3743491 ,140.4722420 ,サービス,法律事務所,,南町１丁目１
3,小料理かずこ,36.3742897 ,140.4720217 ,外食,小料理,,南町１丁目１
3,小料理喫茶 ワシントン,36.3742195 ,140.4719332 ,外食,小料理喫茶,,南町１丁目１
3,五一小屋,36.3741850 ,140.4720311 ,外食,居酒屋,,南町１丁目１
3,Mayday,36.3741429 ,140.4718799 ,衣料,古着,,南町１丁目１
3,そば 真,36.3741375 ,140.4721089 ,外食,そば,,南町１丁目１
3,ビルキス,36.3741083 ,140.4718545 ,外食,居酒屋,,南町１丁目１
3,酒肴 茶の間,36.3739928 ,140.4721602 ,外食,居酒屋,,南町１丁目１
3,ムーラン,36.3737822 ,140.4726417 ,外食,居酒屋,,南町１丁目１
3,八百徳本店,36.3750041 ,140.4724476 ,食品,鮮魚,,南町１丁目２
3,木村屋本店,36.3749609 ,140.4725254 ,スイーツ,和菓子,,南町１丁目２
3,ジュエリー小林,36.3748401 ,140.4727641 ,服飾,宝石,,南町１丁目２
3,プチ・シャルル,36.3748350 ,140.4728563 ,衣料,婦人服,,南町１丁目２
3,雀友,36.3748080 ,140.4728442 ,娯楽,麻雀,,南町１丁目２
3,天ぷら にしむら,36.3747832 ,140.4728281 ,外食,天ぷら,,南町１丁目２
3,すし一番 海鮮寿し,36.3747583 ,140.4729032 ,外食,海鮮寿司,,南町１丁目２
3,MUSIC,36.3746946 ,140.4729837 ,衣料,衣料品,,南町１丁目２
3,わん 居酒屋,36.3746936 ,140.4728576 ,外食,居酒屋,,南町１丁目２
3,OZ BASE,36.3746601 ,140.4729448 ,衣料,衣料品,,南町１丁目２
3,DCC　メンズカジュアル,36.3746293 ,140.4730309 ,衣料,洋服,,南町１丁目２
3,リベル,36.3746050 ,140.4729837 ,会社,人材派遣業,,南町１丁目２
3,ウサミ BAG,36.3745305 ,140.4731540 ,服飾,鞄,,南町１丁目２
3,KICK STICK,36.3745262 ,140.4731258 ,衣料,衣料品,,南町１丁目２
3,ミッドタウン,36.3745046 ,140.4731084 ,衣料,婦人服,,南町１丁目２
3,但馬屋,36.3744760 ,140.4731900 ,スイーツ,豆菓子,,南町１丁目２
3,定食 田舎っぺ,36.3744312 ,140.4732318 ,外食,定食,,南町１丁目２
2,角打ち,36.3744107 ,140.4732063 ,スイーツ,たい焼き,,南町１丁目２
2,麻雀南,36.3744091 ,140.4732518 ,娯楽,麻雀,,南町１丁目２
2,U・P・T,36.3743901 ,140.4732224 ,音楽,レコード,,南町１丁目２
2,Vinty,36.3743205 ,140.4733286 ,衣料,アパレル,,南町１丁目２
2,SPINNES,36.3743011 ,140.4733476 ,衣料,服,,南町１丁目２
3,ときわ弁護士法人法律事務所,36.3762230 ,140.4727543 ,サービス,法律事務所,,南町１丁目３
3,武田・野中・阿久津・植崎法律事務所,36.3762209 ,140.4727946 ,サービス,法律事務所,,南町１丁目３
3,FAB,36.3761679 ,140.4727262 ,衣料,洋服,,南町１丁目３
3,市川鮨,36.3761599 ,140.4728384 ,外食,すし,,南町１丁目３
3,ヒロストアー,36.3761280 ,140.4729957 ,食品,食料品,,南町１丁目３
3,BLEU ROSE,36.3761053 ,140.4726886 ,衣料,洋服,,南町１丁目３
3,みとみらい法律事務所,36.3760729 ,140.4730655 ,サービス,法律事務所,,南町１丁目３
3,荒川法律事務所,36.3760610 ,140.4729609 ,サービス,法律事務所,,南町１丁目３
3,五鐡夢境庵,36.3760438 ,140.4731620 ,外食,レストラン,日本料理,南町１丁目３
3,筑波銀行事務所,36.3760185 ,140.4732917 ,会社,事務所,,南町１丁目３
3,ホテル 亀屋,36.3759872 ,140.4726923 ,宿泊,ホテル,,南町１丁目３
3,木島人見法律事務所,36.3759660 ,140.4731231 ,会社,事務所,,南町１丁目３
3,ビストロ ENDO,36.3758980 ,140.4726430 ,外食,居酒屋,,南町１丁目３
3,キャノン,36.3758926 ,140.4733149 ,会社,事務所,,南町１丁目３
3,旭化成ファーマ,36.3758872 ,140.4733592 ,会社,事務所,,南町１丁目３
3,あんしん財団,36.3758796 ,140.4733954 ,会社,事務所,,南町１丁目３
3,あすか製薬,36.3758775 ,140.4734303 ,会社,事務所,,南町１丁目３
3,第一生命ビル,36.3758775 ,140.4734598 ,会社,事務所,,南町１丁目３
3,セブンイレブン,36.3758754 ,140.4735612 ,ショップ,コンビニエンスストア,,南町１丁目３
3,協和発酵キリン,36.3758699 ,140.4734598 ,会社,事務所,,南町１丁目３
3,持田製薬,36.3758591 ,140.4734960 ,会社,事務所,,南町１丁目３
3,アパホテル,36.3758570 ,140.4726658 ,宿泊,ホテル,,南町１丁目３
3,ヤマト薬品,36.3757399 ,140.4724213 ,医療,薬局,,南町１丁目３
3,水戸インプラント矯正歯科,36.3757371 ,140.4734678 ,医療,歯科,,南町１丁目３
3,KNOT美容室,36.3757306 ,140.4735067 ,美容,美容院,,南町１丁目３
3,青空学舎 レゾンアカデミー,36.3757155 ,140.4735402 ,学習・訓練,学習塾,,南町１丁目３
3,丸山写真館,36.3756470 ,140.4723798 ,サービス,写真館,,南町１丁目３
3,なが坂,36.3755671 ,140.4728720 ,外食,日本料理,,南町１丁目３
3,ギャラリーあさかわ,36.3755665 ,140.4723252 ,文化・芸術,ギャラリー,,南町１丁目３
3,生そば 吾妻庵,36.3755628 ,140.4729358 ,外食,そば,,南町１丁目３
3,呉服あさかわ,36.3755504 ,140.4723660 ,衣料,衣料品,,南町１丁目３
3,丸金,36.3755175 ,140.4730369 ,外食,日本料理,,南町１丁目３
3,炭火焼肉 本丸亭,36.3754326 ,140.4733002 ,外食,焼肉,,南町１丁目３
3,京の味 丸金,36.3753972 ,140.4733915 ,外食,日本料理,,南町１丁目３
3,中華料理 三味食堂,36.3753473 ,140.4726323 ,外食,食堂,,南町１丁目３
3,トロピカル,36.3753322 ,140.4731433 ,喫茶,カフェ,,南町１丁目３
3,ハリマオ BAR,36.3753160 ,140.4731808 ,外食,居酒屋,,南町１丁目３
3,Re-make美容室,36.3753086 ,140.4727024 ,美容,美容室,,南町１丁目３
3,画材・紙 書道用品　フジタ,36.3752546 ,140.4727883 ,文具,文具店,,南町１丁目３
3,花 珠利,36.3751713 ,140.4729542 ,ショップ,花屋,,南町１丁目３
3,BLUE BOX 日焼け,36.3751611 ,140.4730576 ,美容,日焼けサロン,,南町１丁目３
3,筑波銀行,36.3751337 ,140.4732386 ,金融,銀行,,南町１丁目３
3,つくばパーソナルプラザ水戸,36.3751216 ,140.4731540 ,金融,銀行,,南町１丁目３
3,ほけんの窓口,36.3751597 ,140.4720614 ,サービス,保険業,,南町１丁目４
3,アイサワ洋装店,36.3751401 ,140.4721338 ,衣料,洋装店,,南町１丁目４
3,アイプリモブライダルジュエリー,36.3751099 ,140.4721995 ,冠婚葬祭,ブライダルジュエリー,,南町１丁目４
3,コクミン薬局,36.3750733 ,140.4723082 ,医療,薬局,,南町１丁目４
3,M'z,36.3750553 ,140.4723288 ,外食,ワイン＆カフェ,,南町１丁目４
3,富士食堂,36.3750456 ,140.4720539 ,外食,レストラン,,南町１丁目４
3,MaxMara,36.3749959 ,140.4719935 ,衣料,婦人服,,南町１丁目４
3,BEAUTRIUM,36.3749797 ,140.4719640 ,衣料,婦人服,,南町１丁目４
3,いずみや,36.3749549 ,140.4719506 ,外食,うどん,,南町１丁目４
3,伊勢歯科病院,36.3748885 ,140.4719286 ,医療,歯医者,,南町１丁目４
3,北のしまだ,36.3747735 ,140.4718849 ,外食,居酒屋,,南町１丁目４
3,Mellow Food Bar,36.3747503 ,140.4719421 ,外食,バー,,南町１丁目４
3,WINプレイステーション,36.3746018 ,140.4718460 ,娯楽,ゲームセンター,,南町１丁目４
3,シンヤタクシー,36.3745182 ,140.4715840 ,交通,タクシー,,南町１丁目４
3,伊勢長,36.3743437 ,140.4714866 ,食品,食料品,,南町１丁目４
3,グレミー　エスニック雑貨,36.3742930 ,140.4714450 ,ショップ,雑貨,,南町１丁目４
3,蔵屋敷,36.3742201 ,140.4715840 ,外食,居酒屋,,南町１丁目４
3,ひまわり,36.3742087 ,140.4713726 ,外食,居酒屋,,南町１丁目４
3,末広館,36.3741748 ,140.4717476 ,宿泊,旅館,,南町１丁目４
3,スパイシータンドール,36.3741548 ,140.4713324 ,外食,カレー,,南町１丁目４
3,花留談,36.3740414 ,140.4712532 ,喫茶,喫茶,,南町１丁目４
3,川津たかし事務所,36.3739491 ,140.4711535 ,会社,事務所,,南町１丁目４
3,ビストランド華邑,36.3739356 ,140.4715174 ,外食,レストラン,,南町１丁目４
3,ライフゾーン,36.3739329 ,140.4711924 ,会社,事務所,,南町１丁目４
3,食菜ダイニング 隠れや,36.3738978 ,140.4712184 ,外食,居酒屋,,南町１丁目４
3,OAK,36.3738945 ,140.4714879 ,外食,居酒屋,,南町１丁目４
3,横山食品,36.3738649 ,140.4713091 ,食品,豆腐店,,南町１丁目４
3,焼肉 ごじゃっぺ,36.3738411 ,140.4714445 ,外食,焼肉,,南町１丁目４
5,きもの絹翔,36.3754558 ,140.4688956 ,衣料,和服,,南町２丁目１
5,ロペ,36.3753943 ,140.4688513 ,美容,美容室,,南町２丁目１
4,横須賀満夫建築設計,36.3752295 ,140.4693775 ,会社,事務所,,南町２丁目１
4,偕行商事,36.3745622 ,140.4700292 ,住宅,不動産,,南町２丁目１
4,食・酒 アキズ,36.3744963 ,140.4709412 ,外食,居酒屋,,南町２丁目１
4,食・肴・呑 みなみ,36.3744650 ,140.4708487 ,外食,居酒屋,,南町２丁目１
4,炭火焼 けむり屋,36.3744207 ,140.4710981 ,外食,焼肉,,南町２丁目１
4,酒肴口房 路九,36.3744056 ,140.4711249 ,外食,居酒屋,,南町２丁目１
4,食事処 かたばみ,36.3742895 ,140.4711269 ,外食,居酒屋,,南町２丁目１
4,KIDS Mosaique,36.3742831 ,140.4711591 ,衣料,子供服,,南町２丁目１
4,ASKWALI,36.3742685 ,140.4711880 ,美容,美容室,,南町２丁目１
4,ブルーム,36.3742566 ,140.4712134 ,健康,補聴器,,南町２丁目１
4,プロムナード,36.3742334 ,140.4710968 ,美容,スナック,,南町２丁目１
4,シン,36.3742129 ,140.4711551 ,外食,居酒屋,,南町２丁目１
4,ArtBaseくろばね,36.3741411 ,140.4709828 ,会社,印刷業,デザインおよび印刷,南町２丁目１
4,焼き鳥 鳥吉,36.3741216 ,140.4710277 ,外食,居酒屋,,南町２丁目１
4,居酒屋 ふみ,36.3740979 ,140.4710733 ,外食,居酒屋,,南町２丁目１
4,ALBRE,36.3740881 ,140.4709445 ,外食,イタリア酒場,,南町２丁目１
4,Growth,36.3740649 ,140.4709834 ,衣料,服＆スケボー,,南町２丁目１
4,手作りパンYAMAKI,36.3740417 ,140.4710304 ,食品,パン,,南町２丁目１
4,TRIGGER,36.3751431 ,140.4711062 ,外食,洋風居酒屋,,南町２丁目２
4,焼肉 パクーハウス,36.3751140 ,140.4710860 ,外食,焼肉,,南町２丁目２
3,美酒 瀬良美,36.3749393 ,140.4716028 ,外食,居酒屋,,南町２丁目２
3,Macy'sBar,36.3749220 ,140.4716457 ,外食,バー,,南町２丁目２
4,イタリア食堂 ノヴィタ,36.3749131 ,140.4707501 ,外食,イタリア料理,,南町２丁目２
3,スペインバル marcador,36.3749112 ,140.4716872 ,外食,スペインバル,,南町２丁目２
4,ねぎ亭,36.3747792 ,140.4707327 ,外食,居酒屋,,南町２丁目２
3,スガヤ,36.3744901 ,140.4713466 ,サービス,クリーニング,,南町２丁目２
5,水戸燃料,36.3759147 ,140.4691933 ,会社,会社,,南町２丁目３
5,パレット,36.3758014 ,140.4691115 ,喫茶,喫茶,,南町２丁目３
5,水戸市消防団第二分団,36.3757074 ,140.4690900 ,公共サービス,消防,,南町２丁目３
4,BIRTHDAY,36.3756506 ,140.4695820 ,衣料,洋服,,南町２丁目３
5,リリー保育福祉専門学校東館,36.3756340 ,140.4690417 ,教育,学校,,南町２丁目３
4,BIOTOPE,36.3756247 ,140.4696383 ,衣料,洋服,,南町２丁目３
4,丸山小児科病院,36.3754584 ,140.4701171 ,医療,病院,,南町２丁目３
4,ナンバルエッグ,36.3754077 ,140.4703075 ,外食,レストラン,インド料理,南町２丁目３
4,999 one,36.3753915 ,140.4703518 ,外食,ビアバー,,南町２丁目３
4,WineDining,36.3753720 ,140.4704027 ,外食,ワインバー,,南町２丁目３
4,片寄 養蜂,36.3753601 ,140.4695860 ,ショップ,養蜂,,南町２丁目３
4,スマイリー,36.3753580 ,140.4704510 ,衣料,洋服,,南町２丁目３
4,しらかわ,36.3753418 ,140.4704993 ,外食,鉄板料理,,南町２丁目３
4,ビヤ・ビベーレ,36.3753407 ,140.4702727 ,外食,ビアバー,,南町２丁目３
4,Good will,36.3753202 ,140.4703639 ,会社,派遣会社,,南町２丁目３
4,欧風居酒屋 食の王道,36.3753029 ,140.4704108 ,外食,居酒屋,,南町２丁目３
4,MUSTY NEW,36.3752964 ,140.4702485 ,衣料,婦人服,,南町２丁目３
4,DONPIPPO ピッツア,36.3752910 ,140.4704671 ,外食,ピザ,,南町２丁目３
4,西洋倶楽部,36.3752867 ,140.4702981 ,外食,レストラン,,南町２丁目３
4,コスモ調剤薬局,36.3751939 ,140.4698127 ,外食,薬局,,南町２丁目３
4,小林,36.3749930 ,140.4702378 ,服飾,時計・宝石,,南町２丁目３
4,常陽証券,36.3772921 ,140.4685295 ,金融,証券,,南町２丁目４
5,ワンズ南町第一,36.3762200 ,140.4693864 ,駐車場,,,南町２丁目４
5,MARUNI,36.3762200 ,140.4694763 ,喫茶,喫茶,,南町２丁目４
5,ギフトしのざき,36.3761746 ,140.4695267 ,ショップ,ギフトショップ,,南町２丁目４
5,香陵住販,36.3761594 ,140.4695849 ,住宅,不動産,,南町２丁目４
5,栄堂カメラ,36.3761229 ,140.4696474 ,サービス,DPE,,南町２丁目４
5,Ｒｅｌａｔｏ,36.3760947 ,140.4697064 ,美容,美容室,,南町２丁目４
5,Lemon,36.3760670 ,140.4693033 ,外食,バー,,南町２丁目４
5,ＷＨＩＴＥＣＡＰＳ洋服＆ネイル,36.3760644 ,140.4698773 ,衣料,洋品店,,南町２丁目４
5,彩食,36.3760385 ,140.4697848 ,外食,居酒屋,,南町２丁目４
4,海鮮丼 どんどん,36.3760257 ,140.4699478 ,外食,レストラン,和食,南町２丁目４
5,トタントタン,36.3759990 ,140.4694025 ,外食,居酒屋,,南町２丁目４
5,かなでち,36.3759888 ,140.4698424 ,外食,居酒屋,沖縄料理,南町２丁目４
4,メガネのクロサワ,36.3759867 ,140.4700122 ,服飾,メガネ,,南町２丁目４
5,酒・肴 円座,36.3759784 ,140.4694602 ,外食,居酒屋,,南町２丁目４
5,炉蓮,36.3759759 ,140.4697566 ,外食,居酒屋,,南町２丁目４
4,MILL WOOD,36.3759747 ,140.4699192 ,外食,バー,,南町２丁目４
4,魚誠,36.3759717 ,140.4700685 ,外食,レストラン,あんこう料理,南町２丁目４
5,そば たかはし,36.3759558 ,140.4695433 ,外食,レストラン,そば,南町２丁目４
5,軽食アラスカ,36.3759471 ,140.4695836 ,外食,レストラン,,南町２丁目４
4,まちの駅,36.3759380 ,140.4699836 ,サービス,まちの駅,,南町２丁目４
4,まちなか休憩所,36.3759380 ,140.4701097 ,サービス,休憩所,,南町２丁目４
5,骨董 一楽洞,36.3759374 ,140.4696224 ,文化・芸術,骨董,,南町２丁目４
5,さいか楼,36.3759165 ,140.4697150 ,外食,居酒屋,,南町２丁目４
5,Ｗｅｂ工房ｍ,36.3759078 ,140.4697780 ,会社,WEBサイト制作,,南町２丁目４
4,メンズコバヤシ,36.3758883 ,140.4701767 ,衣料,洋品店,,南町２丁目４
5,FLOWER,36.3758765 ,140.4697566 ,衣料,洋品店,,南町２丁目４
4,美容プラージュ,36.3758732 ,140.4703243 ,美容,美容室,,南町２丁目４
4,ミヤモト時計,36.3757954 ,140.4704745 ,,,,南町２丁目４
4,BAR エリア,36.3757727 ,140.4699622 ,外食,バー,,南町２丁目４
4,池坊いけばな教室,36.3757501 ,140.4699984 ,学習・訓練,いけばな教室,,南町２丁目４
4,まるかんのお店,36.3757198 ,140.4705442 ,美容,化粧品、サプリ,,南町２丁目４
4,ビーライン フィットネス        ,36.3756669 ,140.4706716 ,健康,フィットネス,,南町２丁目４
4,よしみや和小物,36.3756561 ,140.4708272 ,ショップ,和雑貨,,南町２丁目４
4,ANTI・NEW,36.3756486 ,140.4703752 ,衣料,古着,,南町２丁目４
4,JAZZ・SELECT,36.3756313 ,140.4704879 ,外食,飲食店,,南町２丁目４
4,ウォルソン,36.3756313 ,140.4708004 ,外食,レストラン,韓国料理,南町２丁目４
4,ＶＩＥカルチェ明倫,36.3755989 ,140.4706354 ,学習・訓練,塾,,南町２丁目４
4,ホームメイド水戸校,36.3755967 ,140.4707829 ,,,,南町２丁目４
4,ビーセカンド,36.3755913 ,140.4704651 ,外食,レストラン・バー,,南町２丁目４
4,AFTER SCHOOL,36.3755492 ,140.4707507 ,衣料,洋品店,,南町２丁目４
4,損保ジャパン,36.3755352 ,140.4708808 ,サービス,保険,,南町２丁目４
4,日本興亜損保,36.3754672 ,140.4708540 ,サービス,保険,,南町２丁目４
4,徳川斉昭公像,36.3754033 ,140.4716366 ,歴史遺物,銅像,,南町２丁目４
3,Oibibio,36.3753194 ,140.4717369 ,衣料,婦人服,,南町２丁目４
3,カワイ音楽教室,36.3752907 ,140.4718132 ,学習・訓練,教室,,南町２丁目４
3,美容 ビクトワール,36.3752547 ,140.4718924 ,美容,美容室,,南町２丁目４
3,読売旅行ツーリスト,36.3752546 ,140.4716993 ,旅行,旅行業,,南町２丁目４
3,ミナミ食堂,36.3752373 ,140.4719219 ,外食,レストラン,,南町２丁目４
3,TN進学塾,36.3752146 ,140.4717717 ,学習・訓練,塾,,南町２丁目４
3,アクアクリニック,36.3751930 ,140.4716618 ,医療,美容外科,,南町２丁目４
3,もつ焼き もつきりや,36.3751583 ,140.4718472 ,外食,居酒屋,もつ焼き,南町２丁目４
3,ブランド古着 ADDRESS,36.3751466 ,140.4718374 ,衣料,古着,,南町２丁目４
3,シーボン フェイシャリンストサロン,36.3751391 ,140.4716229 ,美容,フェイシャリスト,,南町２丁目４
3,マックエルベ,36.3751315 ,140.4718281 ,衣料,婦人服,,南町２丁目４
3,STRIP USED クロージング,36.3751229 ,140.4718187 ,衣料,古着,,南町２丁目４
3,LIGHTS OUT,36.3751088 ,140.4718120 ,音楽,音楽ストア,,南町２丁目４
3,スリムビューティハウス,36.3750883 ,140.4715907 ,美容,エステ,,南町２丁目４
3,常陽銀行,36.3763828 ,140.4721294 ,金融,銀行,,南町２丁目５
4,常陽銀行,36.3763828 ,140.4721294 ,金融,金融,,南町２丁目５
3,石橋・大塚法律事務所,36.3763807 ,140.4723118 ,サービス,法律事務所,,南町２丁目５
3,亀田法律事務所,36.3763504 ,140.4723735 ,サービス,法律事務所,,南町２丁目５
3,茨城県労働組合保険事務所,36.3763396 ,140.4722796 ,会社,会社,,南町２丁目５
3,日本建設新聞社,36.3763094 ,140.4723386 ,会社,新聞社,,南町２丁目５
3,理容Z,36.3763094 ,140.4724244 ,美容,理容室,,南町２丁目５
3,鉄建建設明秀館,36.3762684 ,140.4723922 ,会社,会社,,南町２丁目５
3,ノイステ・ヌーデンNo8ラーメン,36.3758246 ,140.4721723 ,外食,飲食店,,南町２丁目５
3,美容室ビブ,36.3758073 ,140.4721576 ,美容,美容室,,南町２丁目５
3,和食末広,36.3757879 ,140.4721428 ,外食,飲食店,,南町２丁目５
3,喫茶 花きゃべつ,36.3757652 ,140.4721267 ,喫茶,喫茶店,,南町２丁目５
3,ECC ジュニア英会話,36.3757382 ,140.4721106 ,学習・訓練,英会話スクール,,南町２丁目５
3,コーヒーフローラ,36.3756648 ,140.4718692 ,喫茶,喫茶店,,南町２丁目５
3,コーヒーエイワン,36.3756648 ,140.4720449 ,喫茶,喫茶店,,南町２丁目５
3,理容 フリースタイル,36.3756453 ,140.4719403 ,美容,理容室,,南町２丁目５
3,ユニバース喫茶,36.3756108 ,140.4721321 ,喫茶,喫茶店,,南町２丁目５
3,婦人服シマダ,36.3755829 ,140.4720104 ,衣料,婦人服,,南町２丁目５
3,靴・バッグフタカワ,36.3755503 ,140.4720972 ,服飾,靴・バッグ,,南町２丁目５
3,エステティックB・UP,36.3755190 ,140.4724432 ,美容,エステ,,南町２丁目５
3,水戸ボクシングジム,36.3755158 ,140.4723104 ,学習・訓練,ジム,,南町２丁目５
3,Youth美容,36.3755006 ,140.4725009 ,美容,美容室,,南町２丁目５
3,OTTSY美容室,36.3754769 ,140.4724217 ,美容,美容室,,南町２丁目５
3,黄門そば,36.3754758 ,140.4722863 ,外食,レストラン,そば,南町２丁目５
3,ストライカージム,36.3754704 ,140.4724821 ,学習・訓練,ジム,,南町２丁目５
3,日焼けサロンHELIOS,36.3754607 ,140.4723346 ,美容,エステ,日焼けサロン,南町２丁目５
3,VIBES,36.3754488 ,140.4722702 ,外食,クラブ,,南町２丁目５
3,コスメティックスサカエヤ,36.3754360 ,140.4723779 ,美容,エステ,,南町２丁目５
3,俺ん侍の海鳥,36.3754144 ,140.4724476 ,外食,飲食店,,南町２丁目５
5,一司堂印店,36.3765417 ,140.4698599 ,文具,印章店,まちの駅,南町２丁目６
5,コヤマスポーツ,36.3764834 ,140.4699108 ,ショップ,スポーツ用品,,南町２丁目６
5,Cafe & Bar Life,36.3764834 ,140.4699108 ,外食,バー,,南町２丁目６
4,茨城県職業訓練支援センター,36.3764281 ,140.4704913 ,公的機関,,,南町２丁目６
4,串あげ すずはる,36.3763805 ,140.4702230 ,飲食,飲食店,,南町２丁目６
4,まちなか情報交流センター,36.3763255 ,140.4702043 ,サービス,まちの駅,,南町２丁目６
4,セキネガラス店,36.3762974 ,140.4702700 ,住宅,ガラス,,南町２丁目６
4,水戸証券,36.3762942 ,140.4704899 ,金融,金融,,南町２丁目６
4,あさが,36.3762823 ,140.4703022 ,服飾,鞄,,南町２丁目６
4,和食つきじ植むら,36.3761962 ,140.4705191 ,外食,飲食店,,南町２丁目６
4,東京電力,36.3751140 ,140.4707954 ,公共サービス,,,南町２丁目６
6,水戸アニメーション 里見技研,36.3761354 ,140.4671839 ,会社,,,南町３丁目１
6,慈愛堂,36.3761116 ,140.4669639 ,医療,薬局,,南町３丁目１
6,田山歯科医院,36.3760188 ,140.4669063 ,医療,歯医者,,南町３丁目１
6,神田理容室,36.3759097 ,140.4672201 ,美容,理容店,,南町３丁目１
5,中山内科,36.3758150 ,140.4675527 ,医療,医者,,南町３丁目１
5,丸山歯科医院,36.3757214 ,140.4676614 ,医療,歯医者,,南町３丁目１
5,郡司彰事務所,36.3755432 ,140.4680919 ,,,,南町３丁目１
5,エミ美容室,36.3754881 ,140.4682729 ,美容,美容室,,南町３丁目１
6,カクア保険サービス,36.3767260 ,140.4671799 ,サービス,保険,,南町３丁目２
6,TOF数学会,36.3766936 ,140.4671557 ,学習・訓練,塾,,南町３丁目２
6,木田歯科医院,36.3765748 ,140.4675071 ,医療,歯医者,,南町３丁目２
6,好的酒飯 好,36.3765014 ,140.4676761 ,外食,中華料理,,南町３丁目２
6,味処 清水,36.3764610 ,140.4677311 ,外食,居酒屋,,南町３丁目２
6,種田・志村法律事務所,36.3764215 ,140.4678772 ,サービス,法律事務所,,南町３丁目２
5,水戸第一ホテル,36.3762678 ,140.4681482 ,宿泊,ホテル,,南町３丁目２
5,B・Cカワダエステ,36.3762580 ,140.4678317 ,美容,エステ,,南町３丁目２
5,鴨志田 生け花教室,36.3762256 ,140.4683521 ,学習・訓練,教室,,南町３丁目２
5,シャレッド,36.3761846 ,140.4684862 ,衣料,洋装店,,南町３丁目２
5,キルシュ,36.3760496 ,140.4688040 ,外食,ワイン＆チーズ,,南町３丁目２
5,二胡教室 美音会,36.3760313 ,140.4679846 ,学習・訓練,教室,,南町３丁目２
5,安達タバコ店,36.3759902 ,140.4690173 ,ショップ,タバコ店,,南町３丁目２
5,中華 金龍館,36.3759417 ,140.4689770 ,外食,中華料理,,南町３丁目２
5,オカザキ矯正歯科,36.3759319 ,140.4686082 ,医療,歯医者,,南町３丁目２
5,寺門米飯売店,36.3758877 ,140.4689703 ,食品,米屋,,南町３丁目２
5,新井耳鼻咽喉科,36.3757559 ,140.4688738 ,医療,病院,,南町３丁目２
6,セブンイレブン,36.3772168 ,140.4669263 ,ショップ,コンビニ,,南町３丁目３
6,あさひ税理士法人,36.3772031 ,140.4670126 ,サービス,税理士,,南町３丁目３
6,B・BOP・DROP,36.3772004 ,140.4671127 ,衣料,洋服,,南町３丁目３
6,アイヴィジェットRusty,36.3771628 ,140.4670726 ,？,,,南町３丁目３
6,ラ・プルミエール,36.3771205 ,140.4671825 ,外食,レストラン,,南町３丁目３
6,Cafe PICO,36.3771184 ,140.4670671 ,喫茶,カフェ,,南町３丁目３
6,江戸千家 茶道教室 小野瀬,36.3771066 ,140.4670390 ,学習・訓練,茶道教室,,南町３丁目３
6,近海魚専門 山大,36.3770915 ,140.4673180 ,食品,鮮魚店,,南町３丁目３
6,佳鱗亭,36.3770753 ,140.4673931 ,外食,日本料理,,南町３丁目３
6,ライトハウス,36.3770181 ,140.4669398 ,音楽,スタジオ,,南町３丁目３
6,水戸クリーンサービス,36.3770019 ,140.4674762 ,会社,,,南町３丁目３
6,スイコウアセット南町支店,36.3769781 ,140.4675674 ,会社,,,南町３丁目３
6,BONE SHAKER,36.3769663 ,140.4670551 ,服飾,服飾,,南町３丁目３
6,キャラット66,36.3769479 ,140.4671088 ,服飾,宝飾,,南町３丁目３
6,栗原写真館,36.3769284 ,140.4676948 ,サービス,写真,まちの駅,南町３丁目３
6,遊人,36.3769133 ,140.4677940 ,喫茶,カフェ＆ビーンズ・レンタルボックス,,南町３丁目３
6,紅茶館ティールーム,36.3768701 ,140.4678316 ,外食,喫茶,,南町３丁目３
6,白牡丹,36.3768592 ,140.4677564 ,美容,美容室,,南町３丁目３
5,LIVE TOREA,36.3768442 ,140.4680177 ,美容,美容室,,南町３丁目３
5,食と農のギャラリー 葵,36.3768061 ,140.4680667 ,ショップ,物販/アンテナショップ,,南町３丁目３
5,Toco,36.3768047 ,140.4679949 ,喫茶,カフェ,,南町３丁目３
6,佐久間漆器店,36.3767773 ,140.4675808 ,ショップ,漆器,,南町３丁目３
5,明光義塾,36.3767548 ,140.4680373 ,学習・訓練,塾,,南町３丁目３
5,DON・コクフダ,36.3767188 ,140.4682204 ,衣料,ファッション,メンズ/レディース,南町３丁目３
5,イワマ,36.3766874 ,140.4682686 ,衣料,紳士服・洋品,,南町３丁目３
5,モスバーガー,36.3766517 ,140.4683541 ,外食,ファストフード,,南町３丁目３
5,日焼けサロン そーれ,36.3766150 ,140.4683353 ,美容,日焼けサロン,,南町３丁目３
5,丸二海苔店,36.3765971 ,140.4678492 ,食品,海苔店,,南町３丁目３
5,きもの絹絵屋,36.3765957 ,140.4685033 ,衣料,和服,,南町３丁目３
5,アイシスプレイス,36.3765869 ,140.4683166 ,美容,エステティックサロン,リンパドレナージュ,南町３丁目３
5,梨花,36.3765858 ,140.4686009 ,衣料,婦人服,,南町３丁目３
5,クーラ,36.3765578 ,140.4682991 ,健康,マッサージ,整体,南町３丁目３
5,喫茶まちかど,36.3765567 ,140.4687015 ,喫茶,喫茶,,南町３丁目３
5,家庭教師ふぁいと,36.3765329 ,140.4682844 ,学習・訓練,家庭教師派遣,,南町３丁目３
5,トラットリア・アルノ ピッツァ,36.3765308 ,140.4684601 ,外食,レストラン,イタリアン,南町３丁目３
5,被災地支援村 東北物産,36.3765200 ,140.4685928 ,ショップ,物産店,,南町３丁目３
5,株式会社M&M,36.3765102 ,140.4686746 ,会社,企業コンサルタント,東北復興事業,南町３丁目３
5,KUMON教室,36.3765048 ,140.4682710 ,学習・訓練,塾,,南町３丁目３
5,三浦,36.3765007 ,140.4687462 ,文具,文具・事務機器,,南町３丁目３
5,and Bar,36.3764843 ,140.4684265 ,外食,バー,,南町３丁目３
5,オーイーケー,36.3764735 ,140.4682495 ,会社,化粧品販売業,,南町３丁目３
5,SAGANO,36.3764606 ,140.4686492 ,服飾,宝石,,南町３丁目３
5,スタジオSONIC,36.3764509 ,140.4682294 ,音楽,スタジオ,楽器店,南町３丁目３
5,TOGO中国文化ハウス,36.3764314 ,140.4686210 ,学習・訓練,語学教室,中国語教授,南町３丁目３
5,Club SONIC,36.3764228 ,140.4682120 ,音楽,クラブ,,南町３丁目３
5,横須賀履物店,36.3764217 ,140.4689227 ,ショップ,靴屋,,南町３丁目３
5,参丁目劇場,36.3764001 ,140.4682401 ,外食,やきとり,,南町３丁目３
5,井熊総本家,36.3763950 ,140.4687870 ,スイーツ,和菓子,,南町３丁目３
5,竹脇鞄店,36.3763893 ,140.4690220 ,服飾,鞄,,南町３丁目３
5,宮田長生館,36.3763882 ,140.4685942 ,健康,マッサージ,,南町３丁目３
5,インプライ,36.3763861 ,140.4688731 ,会社,会社,,南町３丁目３
5,アルブカーキ レディス,36.3763796 ,140.4689174 ,衣料,服,,南町３丁目３
5,横島折箱店,36.3763710 ,140.4684587 ,会社,折り箱/弁当箱,,南町３丁目３
5,HIKOSEN・CARA手作り,36.3763591 ,140.4691588 ,ショップ,雑貨,,南町３丁目３
5,洋服お直し専門店 ギャラリーファイン,36.3763106 ,140.4692209 ,衣料,洋服修繕,,南町３丁目３
5,CHIGIRI,36.3762900 ,140.4691145 ,衣料,,,南町３丁目３
6,磯前屋 和食,36.3783453 ,140.4673734 ,外食,レストラン,,南町３丁目４
6,ギャラリー 誉りみち,36.3783226 ,140.4674686 ,文化・芸術,,,南町３丁目４
6,Aplaud,36.3782675 ,140.4674364 ,？,,,南町３丁目４
6,西町ビル,36.3782321 ,140.4676993 ,ビル,,,南町３丁目４
6,美容室 care,36.3781165 ,140.4672580 ,美容,美容室,,南町３丁目４
6,サングリーン南町,36.3781165 ,140.4675625 ,マンション,,,南町３丁目４
6,水戸聖ステパノ教会,36.3780312 ,140.4680600 ,宗教,教会,,南町３丁目４
6,愛恩幼稚園,36.3779967 ,140.4681566 ,学校,幼稚園,,南町３丁目４
6,鰻 川枡南町店,36.3779157 ,140.4672835 ,外食,鰻,,南町３丁目４
6,和風レストラン 小島,36.3777645 ,140.4671065 ,外食,レストラン,,南町３丁目４
6,関 産婦人科病院,36.3777343 ,140.4676483 ,医療,産婦人科,,南町３丁目４
6,グランドメゾン南町,36.3777343 ,140.4681566 ,マンション,,,南町３丁目４
6,根本信義法律事務所,36.3777300 ,140.4671977 ,サービス,法律事務所,,南町３丁目４
5,ホテルサトー,36.3776957 ,140.4685835 ,宿泊,ホテル,,南町３丁目４
6,南町カルチャー教室,36.3776889 ,140.4672889 ,学習・訓練,カルチャー教室,,南町３丁目４
5,ラウンドケース,36.3776881 ,140.4690060 ,外食,飲食店,,南町３丁目４
6,青果 井川屋,36.3776065 ,140.4670457 ,食品,青果,,南町３丁目４
6,セレナハイム,36.3776065 ,140.4671977 ,マンション,,,南町３丁目４
6,関洋服店,36.3775864 ,140.4680037 ,衣料,,,南町３丁目４
6,エヌ・コム,36.3775442 ,140.4675315 ,会社,,,南町３丁目４
6,ハーモニーホール,36.3775248 ,140.4679165 ,公的機関,,,南町３丁目４
6,南町三丁目商店街振興組合会館,36.3775248 ,140.4679165 ,ビル,,,南町３丁目４
5,吉田松陰 水戸留学の地,36.3775154 ,140.4694713 ,歴史遺物,史跡,,南町３丁目４
6,カメラ 太陽堂,36.3774806 ,140.4673774 ,ショップ,カメラ,,南町３丁目４
6,住まいのセンチュリー２１ エムズ・エステート,36.3774611 ,140.4675062 ,住宅,,,南町３丁目４
5,足立勇人法律事務所,36.3774560 ,140.4692930 ,サービス,法律事務所,,南町３丁目４
5,武藤徹 司法書士事務所,36.3774495 ,140.4696336 ,サービス,司法書士事務所,,南町３丁目４
6,スタジオAO,36.3774384 ,140.4674671 ,娯楽,劇団,,南町３丁目４
6,おむすびや 八助,36.3774330 ,140.4678401 ,食品,おむすび、弁当,,南町３丁目４
6,丼丸,36.3774271 ,140.4675526 ,食品,持ち帰り海鮮丼,,南町３丁目４
5,小沼・丹下法律事務所,36.3774225 ,140.4692729 ,サービス,法律事務所,,南町３丁目４
6,生田流箏曲教室,36.3774158 ,140.4677194 ,学習・訓練,,,南町３丁目４
5,GRIFFINスポーツ,36.3774150 ,140.4695277 ,ショップ,スポーツ用品,,南町３丁目４
5,NTTデータカスタマー,36.3774128 ,140.4694164 ,会社,情報システム,,南町３丁目４
5,モリコークリーニング,36.3774063 ,140.4697248 ,サービス,クリーニング,,南町３丁目４
6,常陸屋茶舗,36.3774034 ,140.4676223 ,ショップ,お茶,,南町３丁目４
5,エヌ・ワイ,36.3774031 ,140.4696055 ,会社,設計・データ入力・秘書代行,,南町３丁目４
5,都築電気,36.3773871 ,140.4685053 ,会社,情報システム,,南町３丁目４
5,渡辺昭法律事務所,36.3773869 ,140.4692595 ,サービス,法律事務所,,南町３丁目４
5,関東朝日広告社,36.3773804 ,140.4693949 ,会社,広告業,,南町３丁目４
5,茨城県社会保険協会,36.3773742 ,140.4685389 ,会社,社会保険団体,,南町３丁目４
5,桂法律事務所,36.3773728 ,140.4698066 ,サービス,法律事務所,,南町３丁目４
5,日立製作所茨城支店,36.3773612 ,140.4685751 ,会社,電機,,南町３丁目４
5,常陽リース,36.3773580 ,140.4684732 ,会社,リース,,南町３丁目４
5,関東ハウジング,36.3773577 ,140.4692380 ,住宅,不動産,,南町３丁目４
6,花鉢 平本花店,36.3773575 ,140.4676926 ,ショップ,花,,南町３丁目４
5,紀伊国屋書店,36.3773567 ,140.4693761 ,書籍,書店,,南町３丁目４
6,クリーニング コロンビア,36.3773564 ,140.4677891 ,サービス,クリーニング,,南町３丁目４
5,けんしんリース,36.3773545 ,140.4698576 ,会社,リース,,南町３丁目４
5,三菱電機プラントエンジニアリング,36.3773472 ,140.4686099 ,会社,建設・エンジニアリング,,南町３丁目４
5,健康保険組合連合会,36.3773385 ,140.4685134 ,会社,健康保険組合団体,,南町３丁目４
5,エスアイリサーチ,36.3773297 ,140.4693681 ,会社,情報システム,,南町３丁目４
5,DCカードプラザ,36.3773245 ,140.4684544 ,金融,クレジットカード,,南町３丁目４
5,ピーアンドピー,36.3773213 ,140.4685483 ,会社,人材派遣,,南町３丁目４
5,産経新聞社水戸支局,36.3773081 ,140.4693506 ,会社,新聞社,,南町３丁目４
5,カシオ計算機,36.3773072 ,140.4681996 ,会社,電機,,南町３丁目４
5,常陽信用保証,36.3773061 ,140.4684946 ,会社,信用保証業,,南町３丁目４
5,東京商工リサーチ,36.3773051 ,140.4680413 ,会社,信用調査,,南町３丁目４
5,クマヒラ,36.3772997 ,140.4685764 ,会社,金庫・セキュリティシステム販売,,南町３丁目４
5,常陽証券,36.3772921 ,140.4685295 ,金融,証券業,,南町３丁目４
5,JR水戸鉄道サービス,36.3772908 ,140.4693399 ,会社,ビルメンテ、清掃,,南町３丁目４
5,キリンビールマーケティング,36.3772835 ,140.4682613 ,会社,,,南町３丁目４
5,東邦銀行水戸支店,36.3772770 ,140.4681111 ,金融,金融業,,南町３丁目４
5,国際研修協力機構,36.3772735 ,140.4693238 ,公的機関,公益財団法人,,南町３丁目４
5,手焼き 入船堂,36.3772705 ,140.4679662 ,スイーツ,煎餅,,南町３丁目４
5,常陽クレジット,36.3772694 ,140.4685617 ,会社,クレジットカード,,南町３丁目４
5,茨城県年金受給者協会連合会・水戸年金受給者組合,36.3772595 ,140.4693104 ,会社,組合,,南町３丁目４
5,日立システムズ,36.3772554 ,140.4681808 ,会社,情報システム,,南町３丁目４
5,信用商事,36.3772530 ,140.4697704 ,金融,金融業,,南町３丁目４
5,東芝茨城支店,36.3772446 ,140.4687977 ,会社,電機,,南町３丁目４
5,ユニアデックス,36.3772435 ,140.4686850 ,会社,情報システム,,南町３丁目４
5,東日本木材厚生年金基金,36.3772379 ,140.4692983 ,会社,社会保険団体,,南町３丁目４
5,明治安田生命,36.3772306 ,140.4682304 ,サービス,保険業,,南町３丁目４
5,PASONA,36.3772219 ,140.4688433 ,会社,人材派遣,,南町３丁目４
5,三井住友ファイナンス＆リース,36.3772198 ,140.4687266 ,会社,リース,,南町３丁目４
5,野村證券,36.3772165 ,140.4681178 ,金融,証券,,南町３丁目４
5,スギノマシン,36.3771906 ,140.4687749 ,会社,工作機械、産業機械,,南町３丁目４
5,街角の年金相談センター水戸,36.3771895 ,140.4686368 ,公的機関,特殊法人,,南町３丁目４
5,介護労働安定センター,36.3771690 ,140.4686716 ,公的機関,公益財団法人,,南町３丁目４
5,オリックス,36.3771615 ,140.4688165 ,会社,リース,,南町３丁目４
5,土田板金,36.3771461 ,140.4697127 ,会社,板金業,,南町３丁目４
5,茨城職業訓練支援センター,36.3771453 ,140.4687132 ,公的機関,独立行政法人,,南町３丁目４
5,住友三井オートサービス,36.3771291 ,140.4687481 ,会社,カーリース,,南町３丁目４
5,関・山形法律事務所,36.3771172 ,140.4696413 ,サービス,法律事務所,,南町３丁目４
5,三井住友銀行 営業部,36.3771075 ,140.4687829 ,金融,金融業,,南町３丁目４
5,貴金属 時計 イシカワ,36.3770470 ,140.4686462 ,服飾,貴金属・時計店,,南町３丁目４
5,和楽膳 粋,36.3769984 ,140.4696171 ,外食,居酒屋,和食,南町３丁目４
5,金沢正志斉像,36.3769757 ,140.4685912 ,歴史遺物,銅像,,南町３丁目４
5,珈琲 ダニエル,36.3769757 ,140.4695997 ,外食,喫茶,,南町３丁目４
5,炭火焼 六文銭,36.3769606 ,140.4695876 ,外食,居酒屋,炭火焼,南町３丁目４
5,海老根法律事務所,36.3769444 ,140.4695769 ,サービス,法律事務所,,南町３丁目４
5,群建築デザイン研究所,36.3769347 ,140.4695675 ,会社,設計事務所,,南町３丁目４
5,カッシーナ,36.3769293 ,140.4695903 ,外食,居酒屋,ダイニングバー,南町３丁目４
5,吉見屋 茶舗,36.3768570 ,140.4688427 ,食品,茶販売,,南町３丁目４
5,工芸デパート,36.3768268 ,140.4690493 ,ショップ,民芸品・工芸品,まちの駅,南町３丁目４
5,Bigori,36.3768224 ,140.4694615 ,外食,レストラン,イタリアン,南町３丁目４
5,よこすか花店,36.3767987 ,140.4691324 ,ショップ,生花店,,南町３丁目４
5,銚子屋果実店・喫茶フルーツバスケット,36.3767664 ,140.4691887 ,食品,果実店・喫茶店,,南町３丁目４
5,カラオケ SHIDAX,36.3767534 ,140.4692960 ,娯楽,カラオケ,,南町３丁目４
5,サンクス,36.3766822 ,140.4694194 ,ショップ,コンビニ,,南町３丁目４
7,おかし工房 はやしや 和菓子,36.3787048 ,140.4667538 ,スイーツ,和菓子店,,南町３丁目５
7,hosu洋服,36.3786551 ,140.4668738 ,衣料,,,南町３丁目５
7,小舩歯科医院,36.3785895 ,140.4669236 ,医療,歯科医院,,南町３丁目５
7,プロジェクト,36.3784892 ,140.4666426 ,会社,,,南町３丁目５
7,コワフール和子,36.3784750 ,140.4671822 ,美容,美容室,,南町３丁目５
7,つる療術院,36.3784277 ,140.4671692 ,健康,,,南町３丁目５
7,水戸美術,36.3784170 ,140.4664963 ,文化・芸術,書画 工芸,,南町３丁目５
7,ガモウ広告美術,36.3782578 ,140.4669805 ,会社,看板店,,南町３丁目５
7,アトミックカフェ,36.3782524 ,140.4663890 ,外食,レストラン,イタリアン,南町３丁目５
7,トキワタクシー,36.3782265 ,140.4663703 ,交通,タクシー,,南町３丁目５
7,小口内科医院,36.3781688 ,140.4669021 ,医療,病院,,南町３丁目５
7,商工中金,36.3780931 ,140.4663267 ,金融,銀行,,南町３丁目５
7,イシザワ,36.3780581 ,140.4666090 ,美容,理容,,南町３丁目５
7,トラットリア・ブラックバード,36.3778953 ,140.4665624 ,外食,レストラン,,南町３丁目５
7,木村屋パン店,36.3778756 ,140.4666264 ,食品,パン店,,南町３丁目５
7,みずほ銀行,36.3778421 ,140.4667941 ,金融,銀行,,南町３丁目５
7,徳川慶喜公像,36.3777159 ,140.4667538 ,歴史遺物,銅像,,南町３丁目５
7,フジカメラ,36.3779407 ,140.4657885 ,ショップ,カメラ店,,南町３丁目６
7,コレクション 美容,36.3779375 ,140.4657953 ,美容,美容室,,南町３丁目６
7,アグレアブルBAR・ランチ,36.3778868 ,140.4658890 ,外食,バー,,南町３丁目６
7,BAR Seiene,36.3778679 ,140.4658756 ,外食,バー,,南町３丁目６
7,新日本補聴器センター,36.3778463 ,140.4658582 ,健康,補聴器店,,南町３丁目６
7,LECURA美容＆エステ エステDEシャルマン,36.3778225 ,140.4659152 ,美容,美容室,,南町３丁目６
7,ラーメン千代美,36.3778182 ,140.4659581 ,外食,ラーメン店,,南町３丁目６
7,鉢の木 和菓子,36.3778063 ,140.4659829 ,スイーツ,和菓子店,,南町３丁目６
7,美容室 ららら,36.3770264 ,140.4657246 ,美容,美容室,,南町３丁目６
3,朝日新聞水戸支局,36.3774268 ,140.4741832 ,会社,新聞社,,大町１丁目１
3,水戸地方裁判所,36.3765016 ,140.4735228 ,公共サービス,官公庁,,大町１丁目１
3,お堀の桜並木,36.3764254 ,140.4741346 ,自然,街路樹（桜）,,大町１丁目１
3,水戸家庭裁判所,36.3764228 ,140.4734920 ,公共サービス,官公庁,,大町１丁目１
3,水戸簡易裁判所,36.3764228 ,140.4734920 ,公共サービス,官公庁,,大町１丁目１
5,中央労働金庫水戸支店,36.3780552 ,140.4708529 ,金融,金融業,,大町２丁目３
5,水戸北年金事務所,36.3779148 ,140.4710836 ,公的機関,特殊法人,,大町２丁目３
5,NHK水戸放送局,36.3780725 ,140.4690409 ,公共サービス,放送局,,大町３丁目１
5,片桐法律事務所,36.3780466 ,140.4693882 ,サービス,法律事務所,,大町３丁目１
5,BALVOUL,36.3779084 ,140.4692983 ,美容,美容室,,大町３丁目１
5,レストラン 西洋堂,36.3778199 ,140.4695478 ,外食,レストラン,フランス料理,大町３丁目１
5,コーヒーハウス 西洋堂,36.3777432 ,140.4695947 ,外食,レストラン,洋食,大町３丁目１
6,子育て支援・世代交代交流センター わんぱーく・みと,36.3792255 ,140.4680201 ,公共サービス,,,大町３丁目４
6,小林法律事務所,36.3785645 ,140.4675008 ,サービス,法律事務所,,大町３丁目４
6,羽生税理士事務所,36.3785569 ,140.4675625 ,サービス,税理士事務所,,大町３丁目４
6,KIVAS,36.3785170 ,140.4674727 ,衣料,洋服販売,,大町３丁目４
6,茨城総合サービス,36.3783539 ,140.4679206 ,サービス,生命保険・損害保険,,大町３丁目４
6,オーヤラックス,36.3783410 ,140.4679715 ,会社,消毒剤製造販売,,大町３丁目４
6,坦々麺,36.3782945 ,140.4684718 ,外食,坦々麺,,大町３丁目４
6,酒・肴 夢屋,36.3782621 ,140.4684530 ,外食,居酒屋,,大町３丁目４
6,福田法律事務所,36.3782060 ,140.4682666 ,サービス,法律事務所,,大町３丁目４
6,旬菜ごはん 一期一会,36.3781671 ,140.4684007 ,外食,レストラン,,大町３丁目４
5,ポケットパーク,36.3770265 ,140.4684745 ,娯楽,公園,,大町３丁目４
4,一般社団法人茨城県畜産会館,36.3741043 ,140.4703900 ,公的機関,業界団体,,梅香１丁目２
3,佐傳 あられ本舗,36.3739999 ,140.4706774 ,スイーツ,菓子,あられ,梅香１丁目２
3,花辰本店,36.3739815 ,140.4707780 ,ショップ,生花,,梅香１丁目２
3,カルチャー教室,36.3739416 ,140.4707471 ,学習・訓練,教室,,梅香１丁目２
3,デイリーストア,36.3738584 ,140.4707967 ,ショップ,コンビニ,,梅香１丁目２
3,アニバーサリーカンパニー,36.3736846 ,140.4707471 ,会社,事務所,,梅香１丁目２
3,アーバンホテル稲田屋,36.3736371 ,140.4706023 ,宿泊,ホテル,,梅香１丁目２
3,喫茶モカ,36.3736144 ,140.4706291 ,喫茶,喫茶,,梅香１丁目２
3,日本調剤薬局,36.3735885 ,140.4706787 ,医療,薬局,,梅香１丁目２
3,みすず薬局,36.3734934 ,140.4705942 ,医療,薬局,,梅香１丁目２
6,ハイム化粧品,36.3756344 ,140.4674373 ,美容,化粧品,,梅香２丁目１
6,アイ女性会議茨城県本部,36.3755901 ,140.4674092 ,会社,事務所,,梅香２丁目１
5,茨城県労働福祉会館,36.3754615 ,140.4676732 ,公的機関,公的施設,,梅香２丁目１
5,リリー保育福祉専門学校,36.3752974 ,140.4681479 ,教育,専門学校,,梅香２丁目１
5,キンダーワールドナーサリー保育園,36.3752261 ,140.4681077 ,教育,保育園,,梅香２丁目１
6,フローリスト花咲,36.3768469 ,140.4667587 ,ショップ,花屋,,梅香２丁目２
6,小原流生花教室,36.3767433 ,140.4667212 ,学習・訓練,教室,,梅香２丁目２
6,基礎地盤コンサルタント,36.3766288 ,140.4666810 ,会社,会社,,梅香２丁目２
6,プリンスメガネ,36.3765910 ,140.4666756 ,服飾,眼鏡屋,,梅香２丁目２
6,本多眼科,36.3764949 ,140.4665831 ,医療,病院,,梅香２丁目２
6,DINING DAR,36.3763924 ,140.4667279 ,外食,レストラン,,梅香２丁目２
6,GuriGuri,36.3763913 ,140.4666676 ,外食,バー,,梅香２丁目２
7,高橋パン店,36.3790982 ,140.4661044 ,食品,パン店,,泉町１丁目１
7,舞夢 美容室,36.3789515 ,140.4663925 ,美容,美容室,,泉町１丁目１
7,イタリアン Animato,36.3789490 ,140.4664123 ,外食,レストラン,,泉町１丁目１
7,釜人 鉢の木,36.3789029 ,140.4664676 ,スイーツ,和菓子店,,泉町１丁目１
7,cafeアルコイリス,36.3788913 ,140.4662127 ,喫茶,カフェ,,泉町１丁目１
7,マーローサーブティック,36.3788551 ,140.4659750 ,衣料,ブティック,,泉町１丁目１
7,神宮会館 大神宮,36.3787802 ,140.4659349 ,,,,泉町１丁目１
7,CSP警備,36.3787506 ,140.4659201 ,会社,警備会社,,泉町１丁目１
7,環境保全,36.3787159 ,140.4659064 ,,,,泉町１丁目１
7,Makes婦人服,36.3786670 ,140.4658795 ,衣料,洋品店,,泉町１丁目１
7,アライ美容室,36.3785238 ,140.4663756 ,美容,美容室,,泉町１丁目１
7,富国生命,36.3784854 ,140.4658033 ,サービス,生命保険,,泉町１丁目１
7,ローム（株）,36.3784456 ,140.4657802 ,会社,電子部品,,泉町１丁目１
7,レディス美容室,36.3783262 ,140.4659412 ,美容,美容室,,泉町１丁目１
7,柏屋金物店,36.3782965 ,140.4659264 ,ショップ,金物店,,泉町１丁目１
7,婦人服ウィンザー・ヒロ,36.3782736 ,140.4659854 ,衣料,洋品店,,泉町１丁目１
7,茨城県信用組合泉町支店,36.3782355 ,140.4660874 ,金融,銀行,,泉町１丁目１
7,和食 立花屋,36.3792728 ,140.4657302 ,外食,和食店,,泉町１丁目２
7,スピックサロン リフレッシュ,36.3792298 ,140.4658089 ,,,,泉町１丁目２
7,香龍苑 中華,36.3791959 ,140.4658819 ,外食,レストラン,中華料理,泉町１丁目２
7,MOJO HAND,36.3791620 ,140.4659436 ,,,,泉町１丁目２
7,漢方 照沼薬局,36.3791100 ,140.4659240 ,医療,薬局,,泉町１丁目２
7,無一物 彫金教室,36.3790513 ,140.4658903 ,,,,泉町１丁目２
7,ピカドール 子供服,36.3789925 ,140.4658594 ,衣料,洋品店,,泉町１丁目２
7,のだて屋 生そば,36.3788681 ,140.4657808 ,外食,そば店,,泉町１丁目２
7,石川印房,36.3788410 ,140.4657583 ,文具,印鑑店,,泉町１丁目２
7,スリースター薬局,36.3787906 ,140.4652518 ,医療,薬局,,泉町１丁目２
7,きんでん,36.3787753 ,140.4652432 ,会社,,,泉町１丁目２
7,中道リース,36.3787670 ,140.4652346 ,会社,,,泉町１丁目２
7,歯科ハーモニーデンタルクリニック,36.3787619 ,140.4657162 ,医療,歯科医院,,泉町１丁目２
7,TOA,36.3787518 ,140.4652311 ,会社,,,泉町１丁目２
7,NOK,36.3787393 ,140.4652260 ,会社,,,泉町１丁目２
7,三菱電機ビルテクノ,36.3787310 ,140.4652225 ,会社,,,泉町１丁目２
7,帝国データバンク,36.3787199 ,140.4652174 ,会社,,,泉町１丁目２
7,東通,36.3787102 ,140.4652156 ,会社,,,泉町１丁目２
7,イタリアン タンティサルティ,36.3787074 ,140.4656459 ,外食,レストラン,,泉町１丁目２
7,富士通エフサス,36.3787019 ,140.4652088 ,会社,,,泉町１丁目２
7,BAR ジャッカル,36.3786977 ,140.4656786 ,外食,バー,,泉町１丁目２
7,トッパン・フォームズ,36.3786894 ,140.4652036 ,会社,,,泉町１丁目２
7,ルーブル（珈琲）,36.3786805 ,140.4657050 ,喫茶,,,泉町１丁目２
7,泉商事,36.3786783 ,140.4651967 ,会社,,,泉町１丁目２
7,第一生命,36.3786645 ,140.4651915 ,サービス,,,泉町１丁目２
7,アフラック・アメリカンファミリー生命,36.3786534 ,140.4651864 ,サービス,,,泉町１丁目２
7,横川レンタリース,36.3786437 ,140.4651812 ,会社,,,泉町１丁目２
7,美容室シスター,36.3786367 ,140.4656769 ,美容,美容室,,泉町１丁目２
7,イーグル工業,36.3786326 ,140.4651743 ,会社,,,泉町１丁目２
7,理容 古谷,36.3786284 ,140.4656700 ,美容,理容店,,泉町１丁目２
7,リクルートスタッフィング,36.3786243 ,140.4651657 ,会社,,,泉町１丁目２
7,日本旅行,36.3786187 ,140.4651588 ,旅行,,,泉町１丁目２
7,エー・ディーバイス,36.3784746 ,140.4654824 ,会社,,,泉町１丁目２
7,マニュライフ生命,36.3784414 ,140.4655513 ,サービス,生命保険会社,,泉町１丁目２
7,鮮魚・野菜 八百徳分店,36.3782692 ,140.4650102 ,食品,鮮魚店・青果店,,泉町１丁目３
7,トツカフローリスト,36.3782493 ,140.4650926 ,ショップ,生花店,,泉町１丁目３
7,岩崎薬局,36.3782201 ,140.4651668 ,医療,薬局,,泉町１丁目３
7,中国交易,36.3781776 ,140.4653416 ,会社,,,泉町１丁目３
7,フランス菓子 メゾン・ベニコ,36.3781511 ,140.4649442 ,スイーツ,洋菓子店,,泉町１丁目３
7,ギャラリーしのざき,36.3780820 ,140.4649393 ,文化・芸術,ギャラリー,,泉町１丁目３
7,洋食 ビストロ BABA,36.3780528 ,140.4649294 ,外食,洋食店,,泉町１丁目３
7,文化デザイナー学院,36.3780372 ,140.4656081 ,学校,学校,まちの駅,泉町１丁目３
7,コーヒー・ウイスキー ぐあらんどう,36.3780329 ,140.4649212 ,外食,バー,,泉町１丁目３
7,たむら 蕎麦処・酒,36.3779679 ,140.4648981 ,外食,レストラン,そば,泉町１丁目３
7,マーサ・キルティングスタジオ,36.3779480 ,140.4648898 ,？,,,泉町１丁目３
7,ヘアースタジオ アリス,36.3777356 ,140.4656384 ,美容,美容室,,泉町１丁目３
7,リンパマッサージ,36.3775241 ,140.4648511 ,健康,マッサージ,,泉町１丁目３
7,高崎歯科医院,36.3773814 ,140.4647289 ,医療,歯科医院,,泉町１丁目３
7,建築 棟匠,36.3771859 ,140.4655164 ,会社,建築業,,泉町１丁目３
7,高橋牛乳店,36.3770505 ,140.4655313 ,食品,牛乳店,,泉町１丁目３
8,百貨店の駅,36.3783187 ,140.4645325 ,サービス,まちの駅,,泉町１丁目５
8,京成百貨店,36.3778800 ,140.4642800 ,ショップ,デパート,,泉町１丁目５
8,grows,36.3797493 ,140.4646639 ,美容,,,泉町１丁目７
8,泉治療センター,36.3797255 ,140.4646492 ,健康,マッサージ,,泉町１丁目７
8,今井歯科医院,36.3796759 ,140.4646197 ,医療,歯科医,,泉町１丁目７
8,洋食れんが家,36.3796003 ,140.4645607 ,外食,洋食店,,泉町１丁目７
8,新興楼,36.3795819 ,140.4646076 ,外食,レストラン,中華料理,泉町１丁目７
8,ぼう乃,36.3795344 ,140.4645258 ,食品,惣菜屋,,泉町１丁目７
8,ラモール,36.3795085 ,140.4645124 ,衣料,婦人服＆呉服,,泉町１丁目７
8,安藤煙草,36.3794891 ,140.4645003 ,ショップ,煙草屋,,泉町１丁目７
8,そば処 萬庵,36.3794135 ,140.4645030 ,外食,蕎麦屋,,泉町１丁目７
8,加藤歯科医院,36.3793919 ,140.4654015 ,医療,歯科医,,泉町１丁目７
8,ヘアーサロン UNO,36.3793833 ,140.4644842 ,美容,美容室,,泉町１丁目７
8,大沢精肉店,36.3793066 ,140.4644588 ,食品,精肉店,,泉町１丁目７
8,ルミエル,36.3791317 ,140.4642844 ,衣料,洋装店,,泉町１丁目７
8,志村病院,36.3790183 ,140.4649697 ,医療,病院,,泉町１丁目７
8,プリメラ モリシマ,36.3788078 ,140.4642174 ,服飾,時計,,泉町１丁目７
8,マルセキ洋品店,36.3787970 ,140.4643059 ,衣料,婦人服,,泉町１丁目７
8,但馬屋,36.3787689 ,140.4643890 ,スイーツ,豆菓子,,泉町１丁目７
8,QUATRO,36.3787365 ,140.4647498 ,美容,美容室,,泉町１丁目７
8,エステスワビ,36.3787246 ,140.4648758 ,健康,整体,,泉町１丁目７
8,トム英才教室,36.3787128 ,140.4649845 ,学習・訓練,塾,,泉町１丁目７
8,東進衛星予備校,36.3786760 ,140.4648463 ,学習・訓練,塾,,泉町１丁目７
8,思学舎モア,36.3786447 ,140.4648289 ,学習・訓練,塾,,泉町１丁目７
8,太平建設,36.3786318 ,140.4649563 ,会社,建設会社,,泉町１丁目７
8,酒肴 山長,36.3780643 ,140.4635141 ,外食,居酒屋,,泉町２丁目１
8,割烹 いずみ,36.3780363 ,140.4630407 ,外食,割烹,,泉町２丁目１
8,モア,36.3778937 ,140.4635678 ,喫茶,喫茶店,,泉町２丁目１
8,日本料理 治作,36.3778851 ,140.4634484 ,外食,割烹,,泉町２丁目１
8,中華料理 菜花,36.3778171 ,140.4635436 ,外食,中華料理,,泉町２丁目１
8,アルカディウム,36.3777253 ,140.4635396 ,美容,,,泉町２丁目１
8,ISHII,36.3777069 ,140.4624681 ,衣料,洋装店,,泉町２丁目１
8,ランシェ,36.3775536 ,140.4633827 ,美容,,,泉町２丁目１
8,GOGNO,36.3775428 ,140.4634216 ,外食,イタリア料理,,泉町２丁目１
8,COPPER,36.3775342 ,140.4634605 ,外食,居酒屋,,泉町２丁目１
8,酒房 seek,36.3775288 ,140.4634954 ,外食,居酒屋,,泉町２丁目１
8,くるーと,36.3774370 ,140.4634431 ,食品,パン屋,,泉町２丁目１
8,jobi Lounge ITH,36.3788277 ,140.4628811 ,会社,職業紹介,,泉町２丁目２
8,トップ,36.3787943 ,140.4631292 ,サービス,写真屋,,泉町２丁目２
8,クロロフィル美顔美容,36.3787705 ,140.4632245 ,美容,美容室,,泉町２丁目２
8,Ｊ・Ｄ・Ｒスミヤ,36.3787586 ,140.4630380 ,服飾,服飾店,,泉町２丁目２
8,名鉄観光,36.3787446 ,140.4628463 ,旅行,旅行代理店,,泉町２丁目２
8,ル・ポワール,36.3787446 ,140.4631051 ,外食,レストラン,,泉町２丁目２
8,タッチヘアー,36.3787316 ,140.4632111 ,美容,美容室,,泉町２丁目２
8,ハセガワ婦人服,36.3787230 ,140.4633358 ,服飾,服飾店,,泉町２丁目２
8,リン,36.3787079 ,140.4634498 ,喫茶,喫茶店,,泉町２丁目２
8,jelly beans,36.3786949 ,140.4631963 ,？,,,泉町２丁目２
8,ウエノ,36.3786723 ,140.4635287 ,服飾,宝石,,泉町２丁目２
8,GUELL,36.3786668 ,140.4634323 ,美容,美容室,,泉町２丁目２
8,ビーファイン,36.3786507 ,140.4635193 ,美容,美容室,,泉町２丁目２
8,山翆 郷土料理,36.3786442 ,140.4636091 ,外食,飲食店,,泉町２丁目２
8,優光堂,36.3786302 ,140.4636815 ,服飾,メガネ店,,泉町２丁目２
8,めぐみや 手芸センター,36.3785945 ,140.4638277 ,服飾,服飾小物,,泉町２丁目２
8,喫茶ロぺ,36.3785200 ,140.4638040 ,喫茶,喫茶店,,泉町２丁目２
8,理容まつお,36.3784758 ,140.4637754 ,美容,理容店,,泉町２丁目２
8,生そば 駿河屋,36.3784391 ,140.4637634 ,外食,蕎麦屋,,泉町２丁目２
8,水戸屋食堂,36.3783635 ,140.4637178 ,外食,飲食店,,泉町２丁目２
8,きもの処 雅樂,36.3783203 ,140.4636976 ,衣料,衣料,,泉町２丁目２
8,Sora ジュエリー,36.3782857 ,140.4636668 ,服飾,宝石,,泉町２丁目２
8,リラクゼーションエステ YOSAパーク,36.3782544 ,140.4635622 ,美容,エステ,,泉町２丁目２
8,キッチンあじへい,36.3782318 ,140.4636547 ,外食,飲食店,,泉町２丁目２
8,Coo-kai 美容,36.3781842 ,140.4636225 ,美容,,,泉町２丁目２
8,維新 料理,36.3781227 ,140.4635984 ,外食,割烹,,泉町２丁目２
8,カジュアル Indian,36.3780633 ,140.4636239 ,衣料,ファッション,,泉町２丁目２
8,インフィニティ法律事務所,36.3780471 ,140.4635944 ,サービス,法律事務所,,泉町２丁目２
8,corretc,36.3780115 ,140.4636091 ,衣料,婦人服,,泉町２丁目２
9,茨城トヨタ水戸泉町営業所,36.3796867 ,140.4627574 ,ショップ,自動車販売店,,泉町２丁目３
9,シャンテプナルン ヨガ,36.3796500 ,140.4631571 ,学習・訓練,ヨガスクール,,泉町２丁目３
9,つばさ療術院,36.3796435 ,140.4631973 ,健康,療術院,,泉町２丁目３
9,イオプランニング,36.3796262 ,140.4632483 ,会社,,,泉町２丁目３
8,大部プロパン,36.3796133 ,140.4633636 ,燃料,プロパン,,泉町２丁目３
9,オダギデザイン,36.3796111 ,140.4632885 ,会社,,,泉町２丁目３
9,泉町会館,36.3794708 ,140.4623283 ,公的機関,集会所,,泉町２丁目３
9,新鮮市,36.3794341 ,140.4623122 ,食品,市場,,泉町２丁目３
9,十銭屋 セトモノ店,36.3794297 ,140.4623739 ,ショップ,瀬戸物店,,泉町２丁目３
9,伊太利庵 竃焼きピッツァ,36.3794254 ,140.4624409 ,外食,洋食店,,泉町２丁目３
8,lolipop cowboy,36.3793828 ,140.4642301 ,ショップ,雑貨,,泉町２丁目３
9,ラーメン サトー通,36.3793650 ,140.4625750 ,外食,ラーメン店,,泉町２丁目３
9,居酒屋穴とら屋,36.3793563 ,140.4625267 ,外食,居酒屋,,泉町２丁目３
9,筑波銀行泉町支店,36.3793563 ,140.4628486 ,金融,銀行,,泉町２丁目３
8,かまや 青果,36.3793223 ,140.4642193 ,食品,青果店,,泉町２丁目３
8,第一総合警備保障,36.3792526 ,140.4639397 ,会社,警備会社,,泉町２丁目３
8,味処 にし村,36.3792510 ,140.4641550 ,外食,割烹,,泉町２丁目３
9,タトコロ洋品店,36.3792440 ,140.4629157 ,衣料,洋品店,,泉町２丁目３
8,イワタニアートスクール,36.3792251 ,140.4635971 ,学習・訓練,アートスクール,,泉町２丁目３
8,環境整備（株）,36.3792116 ,140.4639237 ,会社,,,泉町２丁目３
8,ハイセンス・ハイライフ石川,36.3792057 ,140.4631491 ,服飾,宝石・時計,,泉町２丁目３
8,常陽銀行,36.3792035 ,140.4632671 ,金融,銀行,,泉町２丁目３
8,美容室 オペラ,36.3791884 ,140.4636614 ,美容,美容室,,泉町２丁目３
8,根崎解体,36.3791727 ,140.4639156 ,会社,,,泉町２丁目３
8,宮川内科クリニック,36.3791727 ,140.4640846 ,医療,病院,,泉町２丁目３
8,食酒房 炊きや,36.3791603 ,140.4635649 ,外食,飲食店,,泉町２丁目３
8,松井法律事務所,36.3791360 ,140.4638941 ,サービス,法律事務所,,泉町２丁目３
8,中央ビル歯科医院,36.3791015 ,140.4640524 ,医療,歯科医,,泉町２丁目３
8,ひろ寿,36.3790955 ,140.4635354 ,外食,居酒屋,,泉町２丁目３
8,岩間東華堂薬局,36.3790934 ,140.4634415 ,医療,薬局,,泉町２丁目３
8,アートスペース月虹舎,36.3790912 ,140.4636158 ,文化・芸術,ギャラリー,,泉町２丁目３
8,望星水戸薬局,36.3790648 ,140.4640336 ,医療,薬局,,泉町２丁目３
8,中国料理 鉄人,36.3790367 ,140.4637681 ,外食,中華料理,,泉町２丁目３
8,インド料理 マハラニ,36.3790286 ,140.4635193 ,外食,インド料理,,泉町２丁目３
8,かわまた音楽教室,36.3790237 ,140.4636769 ,学習・訓練,音楽教室,,泉町２丁目３
8,海鮮厨房 天天,36.3790151 ,140.4638378 ,外食,居酒屋,,泉町２丁目３
8,かわまた楽器店,36.3790108 ,140.4637279 ,音楽,楽器店,,泉町２丁目３
8,大和証券,36.3789849 ,140.4639210 ,金融,証券,,泉町２丁目３
8,東日本銀行,36.3789611 ,140.4639988 ,金融,銀行,,泉町２丁目３
9,すまいるくらぶ保育,36.3802482 ,140.4634548 ,学校,保育園,,泉町２丁目４
9,共同生活介護支援施設タウンいずみ,36.3802460 ,140.4630927 ,サービス,介護施設,,泉町２丁目４
9,茨城トヨタ中古車展示場,36.3800538 ,140.4629237 ,ショップ,自動車販売店,,泉町２丁目４
8,茨城トヨペット,36.3796996 ,140.4640631 ,ショップ,車販売,,泉町２丁目４
9,ｋｏａ,36.3794816 ,140.4609094 ,衣料,,,泉町３丁目１
9,ナカタ印章・ゴム印,36.3794664 ,140.4609818 ,文具,印鑑店,,泉町３丁目１
9,東華堂メディフロールーム,36.3793606 ,140.4611481 ,健康,セラピー,,泉町３丁目１
9,ＰＯＩＮＴ ＬＴＤ,36.3792764 ,140.4614780 ,衣料,洋品店,,泉町３丁目１
9,ライフ総合研究所,36.3792678 ,140.4615504 ,会社,事務所,,泉町３丁目１
9,日立ビルシステム,36.3792289 ,140.4616014 ,会社,事務所,,泉町３丁目１
9,三菱ＵＦＪモルガン・スタンレー証券,36.3792224 ,140.4616550 ,金融,証券,,泉町３丁目１
9,和多門 酒房,36.3792159 ,140.4608235 ,外食,居酒屋,,泉町３丁目１
9,タキタアートセンター,36.3791706 ,140.4617408 ,文化・芸術,アートセンター,,泉町３丁目１
9,岩間東華堂クリニック,36.3791620 ,140.4618294 ,医療,医院,,泉町３丁目１
9,ワイエスワン,36.3791576 ,140.4614995 ,会社,事務所,,泉町３丁目１
9,鰻ぬりや,36.3791512 ,140.4618884 ,外食,鰻店,,泉町３丁目１
9,茨城ビル代行,36.3791296 ,140.4615424 ,会社,事務所,,泉町３丁目１
9,前野輪店,36.3791252 ,140.4619662 ,ショップ,自転車店,,泉町３丁目１
9,マツオ理容,36.3791145 ,140.4620252 ,美容,理容店,,泉町３丁目１
9,伊勢甚本社,36.3791037 ,140.4616067 ,住宅,不動産,,泉町３丁目１
9,ヴァイニルマシンレコード,36.3790799 ,140.4620359 ,音楽,レコード,,泉町３丁目１
9,喫茶チャペル,36.3790238 ,140.4620010 ,喫茶,喫茶店,,泉町３丁目１
9,ハーレム,36.3789957 ,140.4611776 ,娯楽,ソープランド,,泉町３丁目１
9,はれんち学園,36.3789460 ,140.4607028 ,娯楽,ソープランド,,泉町３丁目１
9,キューピット,36.3788640 ,140.4610140 ,娯楽,風俗店,,泉町３丁目１
9,里美,36.3786847 ,140.4618240 ,？,,,泉町３丁目１
9,佐久間歯科医院,36.3786329 ,140.4610515 ,医療,歯科医院,,泉町３丁目１
9,近海料理 直,36.3800355 ,140.4621123 ,外食,近海料理,,泉町３丁目２
9,紺碧,36.3799858 ,140.4611481 ,外食,スナック,,泉町３丁目２
9,金刀比羅神社,36.3799664 ,140.4613560 ,宗教,神社,,泉町３丁目２
9,茨城オートタクシー,36.3799631 ,140.4617408 ,交通,タクシー,,泉町３丁目２
9,加納合名本社,36.3799394 ,140.4622558 ,会社,事務機器,,泉町３丁目２
9,やきとり福とり,36.3799124 ,140.4611119 ,外食,居酒屋,,泉町３丁目２
9,笠間焼 泉町ギャラリー窯,36.3798357 ,140.4610824 ,文化・芸術,ギャラリー,,泉町３丁目２
9,登利庄たばこ,36.3797947 ,140.4610395 ,ショップ,たばこ店,,泉町３丁目２
9,ドラッグ 城南,36.3797893 ,140.4611360 ,医療,薬局,,泉町３丁目２
9,海鮮居酒屋 浜焼太郎,36.3797472 ,140.4614391 ,外食,居酒屋,,泉町３丁目２
9,焼き鳥 大吉,36.3797396 ,140.4613399 ,外食,居酒屋,,泉町３丁目２
9,マルシチ衣料,36.3797364 ,140.4612567 ,衣料,洋品店,,泉町３丁目２
9,焼肉ジュウジュウ,36.3797159 ,140.4614243 ,外食,焼肉店,,泉町３丁目２
9,三菱東京UFJ銀行水戸支店,36.3796164 ,140.4618252 ,金融,銀行,,泉町３丁目２
9,ローソン,36.3795021 ,140.4620504 ,ショップ,コンビニ,,泉町３丁目２
9,銀次郎パブ,36.3810099 ,140.4618917 ,外食,居酒屋,,泉町３丁目３
9,酒処 松川,36.3810008 ,140.4618699 ,外食,居酒屋,,泉町３丁目３
9,あさや,36.3809609 ,140.4618430 ,スイーツ,和菓子店,,泉町３丁目３
9,開化亭レストラン,36.3808086 ,140.4617894 ,外食,洋食店,,泉町３丁目３
9,水戸食販本部,36.3807935 ,140.4621998 ,会社,,,泉町３丁目３
9,割烹名取亭,36.3807546 ,140.4623661 ,外食,和食店,,泉町３丁目３
9,富岡ゴム,36.3806683 ,140.4618189 ,会社,,,泉町３丁目３
9,古着屋 STRAY SHEEP,36.3805613 ,140.4627990 ,衣料,古着屋,,泉町３丁目３
9,ウイル水戸,36.3805529 ,140.4627574 ,マンション,,,泉町３丁目３
9,コインランドリー,36.3805343 ,140.4628593 ,サービス,コインランドリー,,泉町３丁目３
9,サニーダンススクール,36.3804663 ,140.4623647 ,学習・訓練,ダンススクール,,泉町３丁目３
9,お食事 春夏秋冬,36.3804296 ,140.4627762 ,外食,レストラン,,泉町３丁目３
9,伊丹,36.3802223 ,140.4620372 ,外食,居酒屋,,泉町３丁目３
9,とり一,36.3801650 ,140.4622062 ,外食,居酒屋,,泉町３丁目３
9,プリンス美容室,36.3801370 ,140.4625857 ,美容,美容室,,泉町３丁目３
9,漁火,36.3801154 ,140.4623618 ,外食,居酒屋,,泉町３丁目３
9,もり蔵,36.3800463 ,140.4625401 ,外食,居酒屋,,泉町３丁目３
10,蘭 フラワーショップ,36.3811286 ,140.4608779 ,ショップ,花,,泉町３丁目４
9,カネコ美容室,36.3810077 ,140.4614599 ,美容,美容室,,泉町３丁目４
10,グランソーレマンション,36.3809943 ,140.4603079 ,マンション,,,泉町３丁目４
9,りんかい日産建設,36.3809943 ,140.4613146 ,会社,建設業,,泉町３丁目４
9,焼き鳥銀次郎,36.3809937 ,140.4615833 ,外食,居酒屋,,泉町３丁目４
9,黒沢設備,36.3808486 ,140.4614796 ,会社,,,泉町３丁目４
9,焼き鳥・おでん 美歌,36.3807838 ,140.4614461 ,外食,居酒屋,,泉町３丁目４
9,菊正塗装店,36.3807602 ,140.4611481 ,会社,,,泉町３丁目４
9,BELL COMONS,36.3807590 ,140.4614300 ,？,,,泉町３丁目４
10,かに料理 はな川,36.3807474 ,140.4610515 ,外食,レストラン,かに料理,泉町３丁目４
9,アーバンハウス,36.3807201 ,140.4614139 ,外食,バー,,泉町３丁目４
9,居酒屋庄助,36.3806974 ,140.4614018 ,外食,居酒屋,,泉町３丁目４
9,たばこショップやおきん,36.3805529 ,140.4612467 ,ショップ,たばこ店,,泉町３丁目５
9,富岡ゴム,36.3804817 ,140.4612132 ,会社,卸・小売,,泉町３丁目５
10,豆腐料理 一丁,36.3804657 ,140.4600946 ,外食,豆腐料理,,泉町３丁目５
10,ぬりや 鰻,36.3804635 ,140.4601925 ,外食,レストラン,うなぎ,泉町３丁目５
10,中川楼本店,36.3804452 ,140.4604474 ,外食,居酒屋,割烹,泉町３丁目５
9,光地技建,36.3804385 ,140.4611703 ,会社,,,泉町３丁目５
9,ベルロード,36.3804104 ,140.4611515 ,？,,,泉町３丁目５
10,鰻亭,36.3803642 ,140.4605721 ,外食,レストラン,うなぎ,泉町３丁目５
10,コドモヤ 駄菓子,36.3803685 ,140.4599592 ,食品,駄菓子,,泉町３丁目６
10,宮内美粧院,36.3803059 ,140.4601349 ,美容,,,泉町３丁目６
10,酒工房 樹家,36.3802627 ,140.4603079 ,外食,居酒屋,,泉町３丁目６
10,成文堂印房,36.3801936 ,140.4598868 ,文具,印章,,泉町３丁目６
9,割烹料理 砦,36.3801362 ,140.4608015 ,外食,割烹,,泉町３丁目６
10,銘茶 間々田園,36.3801310 ,140.4600048 ,ショップ,お茶,,泉町３丁目６
10,高畑人形店,36.3801288 ,140.4600772 ,ショップ,人形,,泉町３丁目６
10,鳥ぎん,36.3800727 ,140.4602381 ,外食,釜飯、焼き鳥,,泉町３丁目６
9,鳥かづ,36.3800584 ,140.4609517 ,外食,居酒屋,,泉町３丁目６
10,いづみや食堂,36.3800306 ,140.4603039 ,外食,食堂,,泉町３丁目６
10,水野商店,36.3800111 ,140.4604246 ,ショップ,自転車,,泉町３丁目６
10,さけの家　浜伸,36.3799884 ,140.4605050 ,外食,居酒屋,,泉町３丁目６
9,ジョイホームたけうち,36.3799774 ,140.4605694 ,ショップ,日用雑貨,,泉町３丁目６
9,初鮨,36.3799656 ,140.4609007 ,外食,寿司店,,泉町３丁目６
9,和DINIG あもん,36.3799602 ,140.4606311 ,外食,居酒屋,,泉町３丁目６
9,reve・Ace,36.3799440 ,140.4606580 ,,,,泉町３丁目６
9,水戸土地,36.3799159 ,140.4607237 ,住宅,不動産,,泉町３丁目６
9,バルーンアート パパメイアン,36.3798813 ,140.4608122 ,,,,泉町３丁目６
9,生花 花樹,36.3798608 ,140.4608591 ,ショップ,生花店,,泉町３丁目６
10,小林履物店,36.3798608 ,140.4597919 ,ショップ,靴,,泉町３丁目７
10,橋本金物店,36.3797895 ,140.4598214 ,ショップ,金物,,泉町３丁目７
10,伊勢屋,36.3797463 ,140.4598777 ,スイーツ,だんご、餅,,泉町３丁目７
10,スーパーホテル,36.3797161 ,140.4599957 ,宿泊,ホテル,,泉町３丁目７
10,足利銀行,36.3795952 ,140.4602666 ,金融,銀行,,泉町３丁目７
10,水野安吉商店,36.3792483 ,140.4598274 ,会社,工作機械,,泉町３丁目７
7,水戸五軒町郵便局,36.3791249 ,140.4670274 ,公共サービス,郵便局,,五軒町１丁目１
7,サンドイッチ・ピクルス,36.3788582 ,140.4669604 ,食品,サンドイッチ店,,五軒町１丁目１
7,PGフォトクラフト,36.3787955 ,140.4670596 ,サービス,写真撮影,,五軒町１丁目１
7,関根氷店,36.3787718 ,140.4671092 ,ショップ,氷店,,五軒町１丁目１
7,弁当・惣菜さくら亭,36.3787502 ,140.4671575 ,食品,弁当・惣菜店,,五軒町１丁目１
7,電化のカワライ,36.3786737 ,140.4672826 ,ショップ,電器店,,五軒町１丁目１
7,みと文化交流プラザ,36.3796209 ,140.4666191 ,公的機関,ひなん場所,,五軒町１丁目２
7,小堀巌 美容室 クチュールカフェ,36.3792052 ,140.4663174 ,美容,美容室,,五軒町１丁目２
7,ドゥエ マリエ ブライダル,36.3791782 ,140.4663643 ,ショップ,婚礼用品,,五軒町１丁目２
7,三浦豆腐店,36.3790476 ,140.4665641 ,食品,豆腐店,,五軒町１丁目２
7,ハーモニー音楽院 高橋楽器,36.3790152 ,140.4666137 ,音楽,楽器店,,五軒町１丁目２
7,丸屋 寿司,36.3789839 ,140.4666607 ,外食,寿司店,,五軒町１丁目２
7,明治牛乳,36.3789547 ,140.4667076 ,食品,牛乳店,,五軒町１丁目２
8,芸術の駅,36.3805291 ,140.4654005 ,サービス,まちの駅,,五軒町１丁目６
8,水戸芸術館,36.3804600 ,140.4654300 ,文化・芸術,公的施設,,五軒町１丁目６
7,可志満寿司,36.3795147 ,140.4656629 ,外食,寿司店,,五軒町１丁目６
7,パブハウス美雅,36.3794619 ,140.4660958 ,外食,パブ,,五軒町１丁目６
7,石山仏具店,36.3794582 ,140.4658173 ,ショップ,仏具店,,五軒町１丁目６
7,Cafe２０２,36.3793536 ,140.4660442 ,喫茶,カフェ,,五軒町１丁目６
9,茨城県信用組合農林水産部,36.3806243 ,140.4632223 ,金融,信用組合,,五軒町２丁目１
8,HIROSHI,36.3803885 ,140.4647256 ,外食,レストラン,イタリア料理,五軒町２丁目１
8,ホワイト急便,36.3802956 ,140.4646774 ,サービス,クリーニング,,五軒町２丁目１
8,AVIGNON,36.3802395 ,140.4646398 ,スイーツ,洋菓子,,五軒町２丁目１
8,シャイン 脱毛,36.3802136 ,140.4646183 ,美容,脱毛,,五軒町２丁目１
8,海鮮レストラン いさ美,36.3800322 ,140.4645459 ,外食,レストラン,,五軒町２丁目１
9,聖母幼稚園,36.3816747 ,140.4629101 ,学校,幼稚園,,五軒町２丁目４
9,東和薬品,36.3813391 ,140.4623264 ,医療,薬局,,五軒町２丁目４
9,セブンイレブン,36.3812290 ,140.4621226 ,ショップ,コンビニ,,五軒町２丁目４
9,さいとう歯科医院,36.3810973 ,140.4623023 ,医療,歯科医院,,五軒町２丁目４
9,大成女子高等学校,36.3823886 ,140.4615519 ,学校,高等学校,,五軒町３丁目１
10,オークタウン,36.3816050 ,140.4600048 ,ビル,,,五軒町３丁目１
10,サンユー,36.3815897 ,140.4606678 ,ショップ,スーパー,,五軒町３丁目１
10,マロン,36.3815273 ,140.4598107 ,外食,レストラン,洋食,五軒町３丁目１
10,中華　鴻福,36.3814837 ,140.4601340 ,外食,レストラン,中華,五軒町３丁目１
10,カトレア,36.3814642 ,140.4602189 ,ショップ,生花,,五軒町３丁目１
10,プレジデント,36.3814642 ,140.4603079 ,ビル,,,五軒町３丁目１
9,アオキ薬局,36.3811923 ,140.4616538 ,医療,薬局,,五軒町３丁目１
10,広木たばこ店,36.3816050 ,140.4594942 ,ショップ,たばこ,,五軒町３丁目６
10,青果 小松屋商店,36.3815683 ,140.4595639 ,食品,青果,,五軒町３丁目６
7,江端産婦人科病院,36.3760785 ,140.4644097 ,医療,産婦人科,,備前町４
8,K' Sギャラリー,36.3772092 ,140.4636053 ,美容,美容室,,備前町５
8,Ludo,36.3771660 ,140.4635919 ,外食,バー,,備前町５
8,LA・PALETTE,36.3771325 ,140.4638588 ,外食,レストラン,,備前町５
8,SPYDER,36.3771239 ,140.4635799 ,衣料,洋装店,,備前町５
8,少友幼稚園,36.3770656 ,140.4642209 ,学校,幼稚園,,備前町５
8,榊税理士事務所,36.3770073 ,140.4637730 ,サービス,税理事務所,,備前町５
10,水戸信用金庫　大工町支店,36.3802382 ,140.4584355 ,金融,信用金庫,,大工町１丁目
10,ガーデンキッチン リチェッタ,36.3799922 ,140.4590000 ,外食,レストラン,,大工町１丁目
10,まちの駅,36.3799857 ,140.4590858 ,サービス,まちの駅,,大工町１丁目
10,はかまつか電機,36.3799339 ,140.4579579 ,ショップ,電機,,大工町１丁目
10,ホテル・ザ・ウエストヒルズ・水戸,36.3799080 ,140.4591153 ,宿泊,ホテル,,大工町１丁目
10,セブンイレブン,36.3798886 ,140.4592736 ,ショップ,コンビニエンス,,大工町１丁目
10,松屋茶店,36.3798788 ,140.4579512 ,ショップ,お茶,,大工町１丁目
10,トモスみと,36.3797895 ,140.4587881 ,ショップ,モール,,大工町１丁目
10,すずきラーメン,36.3796035 ,140.4579566 ,外食,ラーメン,,大工町１丁目
10,ニチリキクリーニング,36.3795614 ,140.4579687 ,サービス,クリーニング,,大工町１丁目
10,水戸総合住宅センター,36.3793433 ,140.4581524 ,住宅,不動産,,大工町１丁目
10,純福音水戸協会,36.3793066 ,140.4581752 ,宗教,協会,,大工町１丁目
10,ザ・レジデンス・水戸,36.3793066 ,140.4588313 ,マンション,,,大工町１丁目
10,セレモニーホール オケキ,36.3792127 ,140.4582060 ,冠婚葬祭,斎場,,大工町１丁目
10,居酒屋 みのる,36.3807116 ,140.4588934 ,外食,居酒屋,,大工町１丁目３
10,ほっともっと地区本部,36.3805758 ,140.4589463 ,会社,,,大工町１丁目３
10,あきこ外国語教室,36.3805391 ,140.4589302 ,学習・訓練,外国語,,大工町１丁目３
10,常磐第一興商ビル,36.3805391 ,140.4591941 ,ビル,飲食街,,大工町１丁目３
10,ソフトマーケティングリサーチ,36.3805359 ,140.4587881 ,会社,,,大工町１丁目３
10,水戸地産 サンコー,36.3805035 ,140.4588498 ,会社,,,大工町１丁目３
10,M・コーポレーション,36.3804916 ,140.4589061 ,会社,,,大工町１丁目３
10,第二八光ビル,36.3804916 ,140.4590134 ,ビル,,,大工町１丁目３
10,鮨 河乃,36.3804827 ,140.4589899 ,外食,寿司,,大工町１丁目３
10,二鶴堂 小倉印房,36.3804460 ,140.4590462 ,文具,印章,,大工町１丁目３
10,喜久水食堂,36.3803898 ,140.4593332 ,外食,飲食店,,大工町１丁目３
10,川上陶器店,36.3803272 ,140.4597409 ,ショップ,陶器,,大工町１丁目３
10,扇屋,36.3803056 ,140.4594915 ,？,,,大工町１丁目３
10,大工町歯科医院,36.3802840 ,140.4595559 ,医療,歯科医,,大工町１丁目３
10,奴寿司,36.3807764 ,140.4590543 ,外食,レストラン,すし,大工町１丁目４
10,いしつかタバコ,36.3814431 ,140.4592394 ,ショップ,たばこ,,大工町１丁目５
10,日光屋,36.3814104 ,140.4593192 ,食品,青果店,,大工町１丁目５
10,ファッションネートビル,36.3814104 ,140.4594103 ,ビル,,,大工町１丁目５
10,割烹 山口楼,36.3813135 ,140.4597329 ,外食,飲食店,割烹,大工町１丁目５
10,高野モータース,36.3813049 ,140.4600950 ,ショップ,バイク,,大工町１丁目５
10,酒肆 大関,36.3812120 ,140.4601003 ,外食,居酒屋,,大工町１丁目５
10,花亭,36.3811602 ,140.4595907 ,外食,レストラン,日本料理,大工町１丁目５
10,中華そば 石田屋,36.3811494 ,140.4600816 ,外食,飲食店,中華そば,大工町１丁目５
11,ローソン,36.3815289 ,140.4580911 ,ショップ,コンビニ,,大工町１丁目６
10,BIG TRAPビル,36.3814431 ,140.4590543 ,ビル,,,大工町１丁目６
10,松の木の家,36.3812277 ,140.4589872 ,外食,居酒屋,,大工町１丁目６
10,太津美屋本店,36.3811402 ,140.4583281 ,外食,居酒屋,割烹,大工町１丁目６
10,シミズ理容,36.3811284 ,140.4589282 ,美容,理容,,大工町１丁目６
10,サウナアテイ,36.3808846 ,140.4585252 ,？,,,大工町１丁目６
10,居酒屋 たんぽぽ,36.3808285 ,140.4584998 ,外食,飲食店,,大工町１丁目６
10,三笠ベルスポット,36.3808285 ,140.4587881 ,ビル,,,大工町１丁目６
10,CRESCER CLUB,36.3807799 ,140.4584810 ,外食,飲食店,,大工町１丁目６
10,居酒屋 とん亭,36.3807451 ,140.4586741 ,外食,居酒屋,,大工町１丁目６
10,大工町交番,36.3806104 ,140.4585078 ,公共サービス,警察,,大工町１丁目６
11,オリックスレンタカーP,36.3812704 ,140.4581590 ,駐車場,,,大工町２丁目１
11,髪愛美容室,36.3807785 ,140.4572354 ,美容,美容室,,大工町２丁目１
11,飯村不動産,36.3807720 ,140.4572910 ,住宅,不動産,,大工町２丁目１
11,瀧田酒造店,36.3807606 ,140.4574335 ,会社,,,大工町２丁目１
11,水戸大工町郵便局,36.3807367 ,140.4574746 ,公共サービス,,,大工町２丁目１
11,成井薬局,36.3806990 ,140.4577299 ,医療,薬局,,大工町２丁目１
11,割烹魚政,36.3806846 ,140.4578102 ,外食,割烹,,大工町２丁目１
11,パイパイ麻雀,36.3806688 ,140.4578868 ,娯楽,,,大工町２丁目１
11,一弘堂,36.3806418 ,140.4579270 ,書籍,,,大工町２丁目１
11,スナック88,36.3805725 ,140.4571441 ,外食,スナック,,大工町２丁目１
11,フクダヤ総合衣料,36.3802035 ,140.4576793 ,衣料,,,大工町２丁目１
11,韓国物産,36.3800221 ,140.4576417 ,ショップ,韓国物産,,大工町２丁目１
11,酒音茶房 ゴウシュ,36.3799552 ,140.4576658 ,音楽,バー,,大工町２丁目１
11,BAR ブルームーズ,36.3799465 ,140.4576256 ,外食,BAR,,大工町２丁目１
11,パルパル食品,36.3815083 ,140.4578223 ,会社,,,大工町２丁目２
11,ハナ信用組合,36.3813434 ,140.4565711 ,金融,信用組合,,大工町２丁目２
11,つな川,36.3812819 ,140.4566784 ,ショップ,生あん,,大工町２丁目２
11,平石輪店,36.3811976 ,140.4568380 ,ショップ,自転車,,大工町２丁目２
11,心のほたる,36.3811976 ,140.4569185 ,健康,マッサージ,,大工町２丁目２
11,アイザワ証券,36.3811620 ,140.4571397 ,金融,証券,,大工町２丁目２
11,玉川屋,36.3811307 ,140.4574455 ,サービス,着物 洗張,,大工町２丁目２
11,美容 ル・モア,36.3811113 ,140.4572618 ,美容,美容室,,大工町２丁目２
11,焼き肉 ほん,36.3810951 ,140.4575099 ,外食,焼き肉,,大工町２丁目２
11,ENEOS,36.3810627 ,140.4577366 ,燃料,ガソリンスタンド,,大工町２丁目２
11,そば処 嵐,36.3816097 ,140.4578008 ,外食,そば,,大工町２丁目３
11,松枝商店,36.3816039 ,140.4577110 ,？,,,大工町２丁目３
11,MANILA GALS,36.3815935 ,140.4578008 ,外食,スナック,,大工町２丁目３
11,小料理 美川,36.3815686 ,140.4567849 ,外食,,,大工町２丁目３
11,hair Re-make,36.3814036 ,140.4578619 ,美容,,,大工町２丁目３
11,サバイディー マッサージ,36.3819314 ,140.4561411 ,健康,マッサージ,,大工町２丁目４
11,小料理 むらさき,36.3817176 ,140.4562806 ,外食,居酒屋,,大工町２丁目４
11,日本空手協会,36.3816777 ,140.4564268 ,学習・訓練,空手,,大工町２丁目４
11,美容室 SOUL,36.3814600 ,140.4558389 ,美容,,,大工町２丁目５
11,三雅,36.3814125 ,140.4558925 ,服飾,宝石・毛皮,,大工町２丁目５
11,第四分団,36.3813747 ,140.4560816 ,公共サービス,消防団,,大工町２丁目５
11,根本金物店,36.3811454 ,140.4554822 ,ショップ,金物,,大工町２丁目６
11,資生堂販売,36.3810578 ,140.4559361 ,会社,,,大工町２丁目６
11,靴のイイムラ,36.3810124 ,140.4561856 ,ショップ,靴,,大工町２丁目６
11,在日大韓基督水戸教会,36.3809854 ,140.4562298 ,宗教,教会,,大工町２丁目６
11,鈴木洋傘店,36.3809644 ,140.4564279 ,服飾,洋傘,,大工町２丁目６
11,根本染物店,36.3809450 ,140.4565459 ,服飾,染物,,大工町２丁目６
11,かんさい,36.3808888 ,140.4553430 ,外食,居酒屋,,大工町２丁目６
11,マクドナルドドライブスルー,36.3807897 ,140.4567815 ,外食,ハンバーガー,,大工町２丁目６
11,丸正ガラス店,36.3806685 ,140.4552089 ,ショップ,ガラス,,大工町２丁目６
11,大原神経科,36.3806354 ,140.4554825 ,医療,神経科,,大工町２丁目６
11,石川鍼灸,36.3805930 ,140.4561477 ,健康,鍼灸,,大工町２丁目６
11,つくし堂菓子,36.3812492 ,140.4552961 ,スイーツ,お菓子,,大工町３丁目１
11,田宮文具,36.3811461 ,140.4552425 ,文具,,,大工町３丁目１
11,ひょうたん島保育所,36.3810851 ,140.4551768 ,学校,保育園,,大工町３丁目１
11,チェリー美容室,36.3810187 ,140.4551379 ,美容,美容室,,大工町３丁目１
11,魚なか 仕出し,36.3808864 ,140.4550473 ,食品,仕出し,,大工町３丁目１
11,長兵衛,36.3817943 ,140.4574789 ,外食,,,栄町１丁目１１
11,ラーメン 一番館,36.3817840 ,140.4575205 ,外食,ラーメン,,栄町１丁目１１
11,すーちゃん,36.3817819 ,140.4575949 ,？,,,栄町１丁目１１
11,福客来,36.3817457 ,140.4577297 ,外食,,,栄町１丁目１１
10,グリーンロードビル,36.3817621 ,140.4586137 ,ビル,,,栄町１丁目７
10,ラーメン 二幸,36.3817233 ,140.4584622 ,外食,レストラン,ラーメン,栄町１丁目７
10,大沢歯科医院,36.3816974 ,140.4587572 ,医療,歯科医,,栄町１丁目７
11,呑食処 なごみ,36.3817621 ,140.4580679 ,外食,,,栄町１丁目８
8,天王町鍼灸治療院,36.3776281 ,140.4620443 ,健康,鍼灸,,天王町２
8,アキュモセラピー,36.3776055 ,140.4621006 ,健康,マッサージ,,天王町２
8,茨城県調理師連合会,36.3774856 ,140.4626733 ,会社,,,天王町２
8,ロン＆マミー,36.3774413 ,140.4628288 ,外食,スナック,,天王町２
8,炉ん　洋風ろばた,36.3774230 ,140.4628838 ,外食,居酒屋,,天王町２
8,ブティック 麻衣,36.3772740 ,140.4633532 ,衣料,,,天王町２
8,クリスプマーシィー,36.3772178 ,140.4633331 ,衣料,ベビー用品,,天王町２
8,ラ・ロサ・メヒカナ,36.3771822 ,140.4633224 ,ショップ,輸入小物,,天王町２
10,ギャルコレクション,36.3791225 ,140.4597097 ,娯楽,ソープランド,,天王町５
10,松寿司本店,36.3791095 ,140.4598036 ,外食,すし,,天王町５
9,クラブメッカ,36.3787984 ,140.4606526 ,外食,クラブ,,天王町５
9,パラダイス,36.3787984 ,140.4606526 ,娯楽,ソープランド,,天王町５
10,マーマー食堂,36.3791830 ,140.4595059 ,外食,中華,,天王町６
10,美也美,36.3791808 ,140.4595998 ,外食,スナック,,天王町６
10,ホテルRESTAY,36.3790983 ,140.4592643 ,宿泊,ラブホテル,,天王町６
10,小平観賞魚センター,36.3789172 ,140.4588313 ,趣味,鑑賞魚,,天王町７
10,こばし石材,36.3787898 ,140.4584558 ,ショップ,石材店,,天王町７
10,伊藤塗装店,36.3787163 ,140.4584961 ,会社,塗装業,,天王町７
11,鈴木理容,36.3805415 ,140.4551164 ,美容,,,元山町１丁目１
11,石黒接骨院,36.3805101 ,140.4552512 ,健康,接骨院,,元山町１丁目１
11,イセヤ産業,36.3804391 ,140.4550636 ,会社,,,元山町１丁目１
11,ことぶきクリーニング,36.3803498 ,140.4550473 ,サービス,クリーニング,,元山町１丁目１
11,イマセ,36.3799086 ,140.4548678 ,会社,家具,,元山町１丁目１
11,田徳,36.3798354 ,140.4547779 ,食品,雑穀,,元山町１丁目１
11,神應寺,36.3795083 ,140.4569446 ,宗教,,,元山町１丁目１
11,別雷皇太神,36.3791382 ,140.4572021 ,宗教,,,元山町１丁目１
11,常陸国親鸞聖蹟　唯信望開基　信願時,36.3799542 ,140.4535840 ,宗教,寺,,緑町１丁目２
11,高瀬工務店,36.3800832 ,140.4546932 ,会社,工務店,,緑町１丁目３
11,サクスィート,36.3800496 ,140.4546748 ,？,,,緑町１丁目３
11,ひろせ和菓子,36.3799444 ,140.4546241 ,スイーツ,和菓子,,緑町１丁目３
11,今関氷店,36.3807801 ,140.4550426 ,ショップ,氷,,緑町１丁目４
11,アートギャラリー 偕,36.3806813 ,140.4550151 ,文化・芸術,アートギャラリー,,緑町１丁目４
